JobID,Jenjang,Kualifikasi,Posisi,Gender,Provinsi,Kota,Pengalaman,Skill 1,Skill 2,Skill 3,Gaji,Jenis,Perusahaan,TglPosting,Jenis Perusahaan,Link,Deskripsi
1,Kindergarten,Bachelor Degree,Kindergarten Teacher,General,Jawa Barat,Bogor,24,Experience in teaching kids,Proficient in English,Collaboration,0,Full time,PT Tunas Tuju Asa,2023-05-16,Sekolah,PRESCHOOL & KINDERGARTEN TEACHERS FOR KINDERFIELD PRE KG DEPOK - PT Tunas Tuju Asa - 4336213 | JobStreet,"Available for working in the new academic year 2023-2024 , Bachelor Degree (S1) or Diploma IV (DIV) PAUD from a reputable university with a relevant background, AKTA IV holder is preferred, Minimum 2 years experience as school teacher, preferably in the early childhood program, Fresh graduates are welcome to apply, Having experience in Montessori teaching would be an advantage, High English proficiency (fluent in speaking and writing), Love working with children and interacting with parents, Possess strong interpersonal and communication skill, A good team player, hard worker, high initiative and creative, Computer literate."
2,Kindergarten,Bachelor Degree,Islamic Education Teachers,General,Banten,Tangerang,24,Proficient in Arabic,Read the Qur’an,Experience in teaching kids,0,Full time,PT Kinder Haven Pusaka,2023-05-18,Sekolah,Guru Agama (Religion Student Counselor) - PT Kinder Haven Pusaka - 4323955 | JobStreet,"Create environments, activities, and programming for each age group of children that will facilitate learning and encourage spiritual growth.                                     Ensuring Core Character Value Program is executed at each classroom in accordance with established curriculum, classroom procedures, and child safety policies
Provide care for children and families with the school, including one on one session
To encourage and motivate children in a growing commitment
To help parents be involved in the spiritual formation of their child's life.
Provides leadership, training, support, and oversight to all KinderHaven's staff."
3,Kindergarten,Bachelor Degree,Kindergarten Teacher,General,DI Yogyakarta,Sleman,24,Experience in teaching kids,Leadership,Proficient in English,2200000,Full time,Yayasan Pendidikan Blue Dolphin International,2023-05-18,Sekolah,Preschool and Kindergarten Teacher - Yay. Pendidikan Blue Dolphin International - 4323076 | JobStreet,"We are a well-grown English-speaking Pre-school and Kindergarten in YOGYAKARTA, We focus on the development of children aged 18 months – 6 years old, We are expanding and open more classes."
4,Kindergarten,Bachelor Degree,Kindergarten Teacher,General,Jawa Timur,Surabaya,0,Experience in teaching kids,Communication,Collaboration,0,Full time,Yayasan Intan Eduka,2023-05-18,Sekolah,KINDERGARTEN TEACHER - Yayasan Intan Eduka - 4322702 | JobStreet,"Preparing and delivering lessons to a range of classes, Marking work, giving appropriate feedback and maintaining records of pupils progress and development, Talk to parents for any issues of the children, discuss and give advice and suggestions to parents who require helps."
5,Elementary School,Diploma Degree,Natural Sciences Teacher,General,Jawa Barat,Depok,0,Natural Sciences,Proficient in English,Experience in teaching kids,2000000,Full time,Pratiwi School Depok,2023-05-17,Sekolah,Science and Mathematics Teachers - Pratiwi School Depok - 4331995 | JobStreet,"Age max 35 years old, Bachelor degree in Education from reputable university with GPA 2.75 , Able to work with computer/laptop, Excellent in written and oral English, Pleasant personality, Able to work as a team, Patient and love working with children, Discipline, Preferably live in Depok"
6,Elementary School,Diploma Degree,Math teacher,General,Jawa Barat,Depok,0,Mathematics,Operate a computer,Experience in teaching kids,2000000,Full time,Pratiwi School Depok,2023-05-17,Sekolah,Science and Mathematics Teachers - Pratiwi School Depok - 4331995 | JobStreet,"Age max 35 years old, Bachelor degree in Education from reputable university with GPA 2.75 , Able to work with computer/laptop, Excellent in written and oral English, Pleasant personality, Able to work as a team, Patient and love working with children, Discipline, Preferably live in Depok"
7,Junior High School,Bachelor Degree,Physical Education and Health Teachers,General,Jakarta,,12,Sport,Creative,Leadership,0,Full time,Yayasan Tunas Muda,2023-05-19,Sekolah,Secondary PE Teacher - YAYASAN TUNAS MUDA - 4322917 | JobStreet,"Should be an inspirational, passionate and adaptable educator with the ability to deliver an inquiry-based, trans-disciplinary programme, Has a deep & good understanding / knowledge of subject to be taught, including PSHE, Has a good Classroom Management & Student Behaviour Management"
8,Junior High School,Bachelor Degree,Cultural arts teacher,Perempuan,Jakarta,Jakarta Utara,0,Arts,Read the Qur’an,Creative,0,Full time,SMP Sejahtera,,Sekolah,www.smp-sejahtera.sch.id,"Usia maksimal 35 tahun, Pendidikan S1 linear, Tinggi badan / berat badan proposional, penampilan menarik, mampu membaca alquran, mampu mengoperasikan komputer, bertanggung jawab, jujur, disiplin, domisili di jakarta utara diutamakan"
9,Junior High School,Bachelor Degree,Social Sciences Teacher,Perempuan,Jakarta,Jakarta Utara,0,Social Sciences,Read the Qur’an,Leadership,0,Full time,SMP Sejahtera,,Sekolah,www.smp-sejahtera.sch.id,"Usia maksimal 35 tahun, Pendidikan S1 linear, Tinggi badan / berat badan proposional, penampilan menarik, mampu membaca alquran, mampu mengoperasikan komputer, bertanggung jawab, jujur, disiplin, domisili di jakarta utara diutamakan"
10,Junior High School,Bachelor Degree,Civics Teachers,Laki-laki,Jakarta,Jakarta Utara,0,Civics,Read the Qur’an,Operate a computer,0,Full time,SMP Sejahtera,,Sekolah,www.smp-sejahtera.sch.id,"Usia maksimal 35 tahun, Pendidikan S1 linear, Tinggi badan / berat badan proposional, penampilan menarik, mampu membaca alquran, mampu mengoperasikan komputer, bertanggung jawab, jujur, disiplin, domisili di jakarta utara diutamakan"
11,General,Bachelor Degree,It teacher,General,Jakarta,Jakarta Utara,0,Operate a computer,Experience in teaching kids,Proficient in English,0,Full time,Koding Next,2023-05-23,Lembaga Kursus,https://www.linkedin.com/posts/yuda-augusta-6b43ba14b_linkedin-activity-7066728464350904320-_2MS?utm_source=share&utm_medium=member_desktop,"open to candidates with experience in teaching kids, young age around (4-7, or 8-16 years old), and fluent in English."
12,General,Bachelor Degree,It teacher,General,Jakarta,Jakarta Utara,0,Operate a computer,Experience in teaching kids,Proficient in English,0,Full time,Koding Next,2023-05-23,Lembaga Kursus,https://www.linkedin.com/posts/yuda-augusta-6b43ba14b_linkedin-activity-7066728464350904320-_2MS?utm_source=share&utm_medium=member_desktop,"open to candidates with experience in teaching kids, young age around (4-7, or 8-16 years old), and fluent in English."
13,General,Bachelor Degree,It teacher,General,Banten,Bintaro,0,Operate a computer,Experience in teaching kids,Proficient in English,0,Full time,Koding Next,2023-05-23,Lembaga Kursus,https://www.linkedin.com/posts/yuda-augusta-6b43ba14b_linkedin-activity-7066728464350904320-_2MS?utm_source=share&utm_medium=member_desktop,"open to candidates with experience in teaching kids, young age around (4-7, or 8-16 years old), and fluent in English."
14,General,Bachelor Degree,It teacher,General,Jakarta,Jakarta Utara,0,Operate a computer,Experience in teaching kids,Proficient in English,0,Part time,Koding Next,2023-05-23,Lembaga Kursus,https://www.linkedin.com/posts/yuda-augusta-6b43ba14b_linkedin-activity-7066728464350904320-_2MS?utm_source=share&utm_medium=member_desktop,"open to candidates with experience in teaching kids, young age around (4-7, or 8-16 years old), and fluent in English."
15,General,Bachelor Degree,It teacher,General,Banten,Tangerang Selatan,0,Operate a computer,Experience in teaching kids,Proficient in English,0,Part time,Koding Next,2023-05-23,Lembaga Kursus,https://www.linkedin.com/posts/yuda-augusta-6b43ba14b_linkedin-activity-7066728464350904320-_2MS?utm_source=share&utm_medium=member_desktop,"open to candidates with experience in teaching kids, young age around (4-7, or 8-16 years old), and fluent in English."
16,General,Bachelor Degree,It teacher,General,Kepulauan Riau,Batam,0,Operate a computer,Proficient in English,Experience in teaching kids,0,Full time,Koding Next,2023-05-23,Lembaga Kursus,https://www.linkedin.com/posts/yuda-augusta-6b43ba14b_linkedin-activity-7066728464350904320-_2MS?utm_source=share&utm_medium=member_desktop,"open to candidates with experience in teaching kids, young age around (4-7, or 8-16 years old), and fluent in English."
17,General,Bachelor Degree,It teacher,General,Jawa Barat,Cikarang,0,Operate a computer,Proficient in English,Experience in teaching kids,0,Full time,Koding Next,2023-05-23,Lembaga Kursus,https://www.linkedin.com/posts/yuda-augusta-6b43ba14b_linkedin-activity-7066728464350904320-_2MS?utm_source=share&utm_medium=member_desktop,"open to candidates with experience in teaching kids, young age around (4-7, or 8-16 years old), and fluent in English."
18,General,Bachelor Degree,It teacher,General,Jawa Barat,Bekasi,0,Operate a computer,Proficient in English,Experience in teaching kids,0,Full time,Koding Next,2023-05-23,Lembaga Kursus,https://www.linkedin.com/posts/yuda-augusta-6b43ba14b_linkedin-activity-7066728464350904320-_2MS?utm_source=share&utm_medium=member_desktop,"open to candidates with experience in teaching kids, young age around (4-7, or 8-16 years old), and fluent in English."
19,General,Bachelor Degree,It teacher,General,Papua,Jayapura,0,Operate a computer,Experience in teaching kids,Proficient in English,0,Full time,Koding Next,2023-05-23,Lembaga Kursus,https://www.linkedin.com/posts/yuda-augusta-6b43ba14b_linkedin-activity-7066728464350904320-_2MS?utm_source=share&utm_medium=member_desktop,"open to candidates with experience in teaching kids, young age around (4-7, or 8-16 years old), and fluent in English."
20,General,Bachelor Degree,It teacher,General,Kalimantan Barat,Samarinda,0,Operate a computer,Proficient in English,Experience in teaching kids,0,Full time,Koding Next,2023-05-23,Lembaga Kursus,https://www.linkedin.com/posts/yuda-augusta-6b43ba14b_linkedin-activity-7066728464350904320-_2MS?utm_source=share&utm_medium=member_desktop,"open to candidates with experience in teaching kids, young age around (4-7, or 8-16 years old), and fluent in English."
21,General,Bachelor Degree,It teacher,General,Jawa Timur,Surabaya,0,Operate a computer,Experience in teaching kids,Proficient in English,0,Full time,Koding Next,2023-05-23,Lembaga Kursus,https://www.linkedin.com/posts/yuda-augusta-6b43ba14b_linkedin-activity-7066728464350904320-_2MS?utm_source=share&utm_medium=member_desktop,"open to candidates with experience in teaching kids, young age around (4-7, or 8-16 years old), and fluent in English."
22,Elementary School,Bachelor Degree,English Teacher,General,Sulawesi Selatan,Makassar,0,Proficient in English,Experience in teaching kids,Lesson Plan,0,Part time,Privat,2023-05-23,Lembaga Kursus,https://www.linkedin.com/posts/robby-wirawan-2948a21b1_were-hiring-english-speaking-teacher-needed-activity-7066643580202733568-ZsJe?utm_source=share&utm_medium=member_desktop,"Fluent in English, Experience teaching Math MyPals, Experience teaching reading and writing to primary school students, Passionate about teaching and working with children"
23,Senior High School,Master Degree,Math Teacher,General,Jawa Timur,Surabaya,12,Mathematics,Proficient in English,Communication,0,Full time,Sekolah Ciputra,2023-05-16,Sekolah,https://www.linkedin.com/posts/vaniaoktaviani_teaching-opportunity-hai-all-sekolah-activity-7061978184656826368-S6Oj?utm_source=share&utm_medium=member_desktop,"Experience in IBDP would be preffered, bachelor or master's degree in mathematics, IELTS score equal to or above 6.0"
24,Senior High School,Master Degree,Counseling Teacher,General,Jawa Barat,Cirebon,60,Psychology,Communication,Creative,0,Full time,SPK Kinderfield-Highfield School Cirebon,2023-05-17,Sekolah,https://www.linkedin.com/posts/laurenzmahar_wearehiring-wearehiringnow-psychology-activity-7064403630661009408-8fkP?utm_source=share&utm_medium=member_desktop,"Minimum Master's degree, Counselling credential or certification, Minimum five years of experience in comprehensive counseling (academic, social/emotional, university advising), Experience with and commitment to a Professional Learning Community and departmental work, Demonstrated background in associating with students outside of the classroom environment, Passion for high school students, A clear commitment to child safeguarding safety, service learning and environmental stewardship"
25,General,Bachelor Degree,Digital Marketing,General,Jakarta,Jakarta Barat,24,Marketing,Proficient in English,Creative,0,Full time,Sekolah Citra Kasih - Sekolah Ciputra Kasih - Sekolah Citra Berkat,2023-05-04,Sekolah,https://citrakasih.sch.id/vacancy/,"Maximum age of 35 years old, Bachelor's degree in related field, minimum 2 years of experience in related field, have a calling in education, proficient in English"
26,General,Bachelor Degree,Digital Marketing,General,Kalimantan Barat,Samarinda,24,Marketing,Proficient in English,Communication,0,Full time,Sekolah Citra Kasih - Sekolah Ciputra Kasih - Sekolah Citra Berkat,2023-05-04,Sekolah,https://citrakasih.sch.id/vacancy/,"Maximum age of 35 years old, Bachelor's degree in related field, minimum 2 years of experience in related field, have a calling in education, proficient in English"
27,Senior High School,Bachelor Degree,Economic Teacher,General,Jawa Barat,Bogor,24,Economy,Proficient in English,Lesson Plan,0,Full time,Sekolah Citra Kasih - Sekolah Ciputra Kasih - Sekolah Citra Berkat,2023-05-04,Sekolah,https://citrakasih.sch.id/vacancy/,"Maximum age of 35 years old, Bachelor's degree in related field, minimum 2 years of experience in related field, have a calling in education, proficient in English"
28,Junior High School,Bachelor Degree,Civics Teacher,General,Jawa Timur,Surabaya,24,Civics,Proficient in English,Collaboration,0,Full time,Sekolah Citra Kasih - Sekolah Ciputra Kasih - Sekolah Citra Berkat,2023-05-04,Sekolah,https://citrakasih.sch.id/vacancy/,"Maximum age of 35 years old, Bachelor's degree in related field, minimum 2 years of experience in related field, have a calling in education, proficient in English"
29,General,Bachelor Degree,Economic Teacher,General,Maluku,Ambon,24,Economy,Proficient in English,Communication,0,Full time,Sekolah Citra Kasih - Sekolah Ciputra Kasih - Sekolah Citra Berkat,2023-05-04,Sekolah,https://citrakasih.sch.id/vacancy/,"Maximum age of 35 years old, Bachelor's degree in related field, minimum 2 years of experience in related field, have a calling in education, proficient in English"
30,Junior High School,Bachelor Degree,ICT Teacher,General,Kalimantan Barat,Samarinda,24,Operate a computer,Proficient in English,Creative,0,Full time,Sekolah Citra Kasih - Sekolah Ciputra Kasih - Sekolah Citra Berkat,2023-05-04,Sekolah,https://citrakasih.sch.id/vacancy/,"Maximum age of 35 years old, Bachelor's degree in related field, minimum 2 years of experience in related field, have a calling in education, proficient in English"
31,Senior High School,Bachelor Degree,ICT Teacher,General,Kalimantan Barat,Samarinda,24,Operate a computer,Proficient in English,Communication,0,Full time,Sekolah Citra Kasih - Sekolah Ciputra Kasih - Sekolah Citra Berkat,2023-05-04,Sekolah,https://citrakasih.sch.id/vacancy/,"Maximum age of 35 years old, Bachelor's degree in related field, minimum 2 years of experience in related field, have a calling in education, proficient in English"
32,General,Bachelor Degree,Christian Religion Curriculum Staff,General,,,24,Christian Religion,Proficient in English,Leadership,0,Full time,Sekolah Citra Kasih - Sekolah Ciputra Kasih - Sekolah Citra Berkat,2023-05-04,Sekolah,https://citrakasih.sch.id/vacancy/,"Maximum age of 35 years old, Bachelor's degree in related field, minimum 2 years of experience in related field, have a calling in education, proficient in English"
33,General,Bachelor Degree,English teacher,General,Maluku,Ambon,24,Proficient in English,Communication,Creative,0,Full time,Sekolah Citra Kasih - Sekolah Ciputra Kasih - Sekolah Citra Berkat,2023-05-04,Sekolah,https://citrakasih.sch.id/vacancy/,"Maximum age of 35 years old, Bachelor's degree in related field, minimum 2 years of experience in related field, have a calling in education, proficient in English"
34,General,High School Diploma,ICT Support Specialist,General,Kalimantan Barat,Samarinda,0,Operate a computer,Microsoft Office,Communication,0,Internship,Sekolah Citra Kasih - Sekolah Ciputra Kasih - Sekolah Citra Berkat,2023-05-04,Sekolah,https://citrakasih.sch.id/vacancy/,"Cover letter, curriculum vitae, Identity Card, Transcripts, Surat Tugas Magang dari Universitas"
35,Elementary School,High School Diploma,Homeroom teacher,General,Jakarta,Jakarta Barat,0,Leadership,Creative,Lesson Plan,0,Internship,Sekolah Citra Kasih - Sekolah Ciputra Kasih - Sekolah Citra Berkat,2023-05-04,Sekolah,https://citrakasih.sch.id/vacancy/,"Cover letter, curriculum vitae, Identity Card, Transcripts, Surat Tugas Magang dari Universitas"
36,General,High School Diploma,English teacher,General,Banten,Tangerang,0,Proficient in English,Communication,Leadership,0,Internship,Sekolah Citra Kasih - Sekolah Ciputra Kasih - Sekolah Citra Berkat,2023-05-04,Sekolah,https://citrakasih.sch.id/vacancy/,"Cover letter, curriculum vitae, Identity Card, Transcripts, Surat Tugas Magang dari Universitas"
37,General,High School Diploma,English teacher,General,Jawa Barat,Cileungsi,0,Proficient in English,Collaboration,Microsoft Office,0,Internship,Sekolah Citra Kasih - Sekolah Ciputra Kasih - Sekolah Citra Berkat,2023-05-04,Sekolah,https://citrakasih.sch.id/vacancy/,"Cover letter, curriculum vitae, Identity Card, Transcripts, Surat Tugas Magang dari Universitas"
38,General,High School Diploma,English teacher,General,Maluku,Ambon,0,Proficient in English,Communication,Creative,0,Internship,Sekolah Citra Kasih - Sekolah Ciputra Kasih - Sekolah Citra Berkat,2023-05-04,Sekolah,https://citrakasih.sch.id/vacancy/,"Cover letter, curriculum vitae, Identity Card, Transcripts, Surat Tugas Magang dari Universitas"
39,General,High School Diploma,English teacher,General,Jakarta,Jakarta Barat,0,Proficient in English,Microsoft Office,Communication,0,Internship,Sekolah Citra Kasih - Sekolah Ciputra Kasih - Sekolah Citra Berkat,2023-05-04,Sekolah,https://citrakasih.sch.id/vacancy/,"Cover letter, curriculum vitae, Identity Card, Transcripts, Surat Tugas Magang dari Universitas"
40,General,High School Diploma,Christian Religion Teacher,General,Jakarta,Jakarta Barat,0,Christian Religion,Leadership,Microsoft Office,0,Internship,Sekolah Citra Kasih - Sekolah Ciputra Kasih - Sekolah Citra Berkat,2023-05-04,Sekolah,https://citrakasih.sch.id/vacancy/,"Cover letter, curriculum vitae, Identity Card, Transcripts, Surat Tugas Magang dari Universitas"
41,General,High School Diploma,Christian Religion Teacher,General,Kalimantan Barat,Samarinda,0,Christian Religion,Microsoft Office,Communication,0,Internship,Sekolah Citra Kasih - Sekolah Ciputra Kasih - Sekolah Citra Berkat,2023-05-04,Sekolah,https://citrakasih.sch.id/vacancy/,"Cover letter, curriculum vitae, Identity Card, Transcripts, Surat Tugas Magang dari Universitas"
42,General,High School Diploma,Christian Religion Teacher,General,Jawa Barat,Cileungsi,0,Christian Religion,Collaboration,Microsoft Office,0,Internship,Sekolah Citra Kasih - Sekolah Ciputra Kasih - Sekolah Citra Berkat,2023-05-04,Sekolah,https://citrakasih.sch.id/vacancy/,"Cover letter, curriculum vitae, Identity Card, Transcripts, Surat Tugas Magang dari Universitas"
43,General,High School Diploma,Counseling Teacher,General,Banten,Tangerang,0,Psychology,Communication,Microsoft Office,0,Internship,Sekolah Citra Kasih - Sekolah Ciputra Kasih - Sekolah Citra Berkat,2023-05-04,Sekolah,https://citrakasih.sch.id/vacancy/,"Cover letter, curriculum vitae, Identity Card, Transcripts, Surat Tugas Magang dari Universitas"
44,General,High School Diploma,it teacher,General,Jawa Timur,Surabaya,0,Operate a computer,Microsoft Office,Leadership,0,Internship,Sekolah Citra Kasih - Sekolah Ciputra Kasih - Sekolah Citra Berkat,2023-05-04,Sekolah,https://citrakasih.sch.id/vacancy/,"Cover letter, curriculum vitae, Identity Card, Transcripts, Surat Tugas Magang dari Universitas"
45,General,High School Diploma,it teacher,General,Kalimantan Barat,Samarinda,0,Operate a computer,Collaboration,Microsoft Office,0,Internship,Sekolah Citra Kasih - Sekolah Ciputra Kasih - Sekolah Citra Berkat,2023-05-04,Sekolah,https://citrakasih.sch.id/vacancy/,"Cover letter, curriculum vitae, Identity Card, Transcripts, Surat Tugas Magang dari Universitas"
46,General,High School Diploma,it teacher,General,Jawa Barat,Cileungsi,0,Operate a computer,Microsoft Office,Communication,0,Internship,Sekolah Citra Kasih - Sekolah Ciputra Kasih - Sekolah Citra Berkat,2023-05-04,Sekolah,https://citrakasih.sch.id/vacancy/,"Cover letter, curriculum vitae, Identity Card, Transcripts, Surat Tugas Magang dari Universitas"
47,General,High School Diploma,it teacher,General,Sulawesi Utara,Manado,0,Operate a computer,Microsoft Office,Leadership,0,Internship,Sekolah Citra Kasih - Sekolah Ciputra Kasih - Sekolah Citra Berkat,2023-05-04,Sekolah,https://citrakasih.sch.id/vacancy/,"Cover letter, curriculum vitae, Identity Card, Transcripts, Surat Tugas Magang dari Universitas"
48,General,High School Diploma,Digital Marketing,General,Sulawesi Utara,Manado,0,Marketing,Collaboration,Microsoft Office,0,Internship,Sekolah Citra Kasih - Sekolah Ciputra Kasih - Sekolah Citra Berkat,2023-05-04,Sekolah,https://citrakasih.sch.id/vacancy/,"Cover letter, curriculum vitae, Identity Card, Transcripts, Surat Tugas Magang dari Universitas"
49,General,High School Diploma,Digital Marketing,General,Kalimantan Barat,Samarinda,0,Marketing,Operate a computer,Microsoft Office,0,Internship,Sekolah Citra Kasih - Sekolah Ciputra Kasih - Sekolah Citra Berkat,2023-05-04,Sekolah,https://citrakasih.sch.id/vacancy/,"Cover letter, curriculum vitae, Identity Card, Transcripts, Surat Tugas Magang dari Universitas"
50,General,High School Diploma,Digital Marketing,General,Jawa Barat,Cileungsi,0,Marketing,Collaboration,Microsoft Office,0,Internship,Sekolah Citra Kasih - Sekolah Ciputra Kasih - Sekolah Citra Berkat,2023-05-04,Sekolah,https://citrakasih.sch.id/vacancy/,"Cover letter, curriculum vitae, Identity Card, Transcripts, Surat Tugas Magang dari Universitas"
51,General,High School Diploma,Digital Marketing,General,Jakarta,Jakarta Barat,0,Marketing,Microsoft Office,Communication,0,Internship,Sekolah Citra Kasih - Sekolah Ciputra Kasih - Sekolah Citra Berkat,2023-05-04,Sekolah,https://citrakasih.sch.id/vacancy/,"Cover letter, curriculum vitae, Identity Card, Transcripts, Surat Tugas Magang dari Universitas"
52,General,High School Diploma,Javanese Teacher,General,Jawa Timur,Surabaya,0,Javanese Culture,Microsoft Office,Leadership,0,Internship,Sekolah Citra Kasih - Sekolah Ciputra Kasih - Sekolah Citra Berkat,2023-05-04,Sekolah,https://citrakasih.sch.id/vacancy/,"Cover letter, curriculum vitae, Identity Card, Transcripts, Surat Tugas Magang dari Universitas"
53,General,High School Diploma,Civics and Social Teacher,General,Banten,Tangerang,0,Social Sciences,Collaboration,Microsoft Office,0,Internship,Sekolah Citra Kasih - Sekolah Ciputra Kasih - Sekolah Citra Berkat,2023-05-04,Sekolah,https://citrakasih.sch.id/vacancy/,"Cover letter, curriculum vitae, Identity Card, Transcripts, Surat Tugas Magang dari Universitas"
54,General,High School Diploma,Civics and Social Teacher,General,Jawa Barat,Cileungsi,0,Social Sciences,Microsoft Office,Communication,0,Internship,Sekolah Citra Kasih - Sekolah Ciputra Kasih - Sekolah Citra Berkat,2023-05-04,Sekolah,https://citrakasih.sch.id/vacancy/,"Cover letter, curriculum vitae, Identity Card, Transcripts, Surat Tugas Magang dari Universitas"
55,General,High School Diploma,Civics and Social Teacher,General,Jawa Tengah,Semarang,0,Social Sciences,Microsoft Office,Collaboration,0,Internship,Sekolah Citra Kasih - Sekolah Ciputra Kasih - Sekolah Citra Berkat,2023-05-04,Sekolah,https://citrakasih.sch.id/vacancy/,"Cover letter, curriculum vitae, Identity Card, Transcripts, Surat Tugas Magang dari Universitas"
56,General,High School Diploma,Physical Education and Health Teachers,General,Banten,Tangerang,0,Sport,Microsoft Office,Leadership,0,Internship,Sekolah Citra Kasih - Sekolah Ciputra Kasih - Sekolah Citra Berkat,2023-05-04,Sekolah,https://citrakasih.sch.id/vacancy/,"Cover letter, curriculum vitae, Identity Card, Transcripts, Surat Tugas Magang dari Universitas"
57,General,High School Diploma,Physical Education and Health Teachers,General,Jawa Timur,Surabaya,0,Sport,Microsoft Office,Communication,0,Internship,Sekolah Citra Kasih - Sekolah Ciputra Kasih - Sekolah Citra Berkat,2023-05-04,Sekolah,https://citrakasih.sch.id/vacancy/,"Cover letter, curriculum vitae, Identity Card, Transcripts, Surat Tugas Magang dari Universitas"
58,General,High School Diploma,Physical Education and Health Teachers,General,Maluku,Ambon,0,Sport,Collaboration,Microsoft Office,0,Internship,Sekolah Citra Kasih - Sekolah Ciputra Kasih - Sekolah Citra Berkat,2023-05-04,Sekolah,https://citrakasih.sch.id/vacancy/,"Cover letter, curriculum vitae, Identity Card, Transcripts, Surat Tugas Magang dari Universitas"
59,General,High School Diploma,Kindergarten Teacher,General,Banten,Tangerang,0,Experience in teaching kids,Collaboration,Microsoft Office,0,Internship,Sekolah Citra Kasih - Sekolah Ciputra Kasih - Sekolah Citra Berkat,2023-05-04,Sekolah,https://citrakasih.sch.id/vacancy/,"Cover letter, curriculum vitae, Identity Card, Transcripts, Surat Tugas Magang dari Universitas"
60,General,High School Diploma,Kindergarten Teacher,General,Jawa Timur,Surabaya,0,Experience in teaching kids,Communication,Microsoft Office,0,Internship,Sekolah Citra Kasih - Sekolah Ciputra Kasih - Sekolah Citra Berkat,2023-05-04,Sekolah,https://citrakasih.sch.id/vacancy/,"Cover letter, curriculum vitae, Identity Card, Transcripts, Surat Tugas Magang dari Universitas"
61,General,High School Diploma,Kindergarten Teacher,General,Maluku,Ambon,0,Experience in teaching kids,Leadership,Microsoft Office,0,Internship,Sekolah Citra Kasih - Sekolah Ciputra Kasih - Sekolah Citra Berkat,2023-05-04,Sekolah,https://citrakasih.sch.id/vacancy/,"Cover letter, curriculum vitae, Identity Card, Transcripts, Surat Tugas Magang dari Universitas"
62,General,High School Diploma,Physic Teacher,General,Banten,Tangerang,0,Physic,Microsoft Office,Communication,0,Internship,Sekolah Citra Kasih - Sekolah Ciputra Kasih - Sekolah Citra Berkat,2023-05-04,Sekolah,https://citrakasih.sch.id/vacancy/,"Cover letter, curriculum vitae, Identity Card, Transcripts, Surat Tugas Magang dari Universitas"
63,General,High School Diploma,Physic Teacher,General,Jawa Timur,Surabaya,0,Physic,Microsoft Office,Collaboration,0,Internship,Sekolah Citra Kasih - Sekolah Ciputra Kasih - Sekolah Citra Berkat,2023-05-04,Sekolah,https://citrakasih.sch.id/vacancy/,"Cover letter, curriculum vitae, Identity Card, Transcripts, Surat Tugas Magang dari Universitas"
64,General,High School Diploma,Physic Teacher,General,Maluku,Ambon,0,Physic,Microsoft Office,Leadership,0,Internship,Sekolah Citra Kasih - Sekolah Ciputra Kasih - Sekolah Citra Berkat,2023-05-04,Sekolah,https://citrakasih.sch.id/vacancy/,"Cover letter, curriculum vitae, Identity Card, Transcripts, Surat Tugas Magang dari Universitas"
65,General,High School Diploma,Academic Administration,General,Kalimantan Barat,Samarinda,0,Administrative,Microsoft Office,Collaboration,0,Internship,Sekolah Citra Kasih - Sekolah Ciputra Kasih - Sekolah Citra Berkat,2023-05-04,Sekolah,https://citrakasih.sch.id/vacancy/,"Cover letter, curriculum vitae, Identity Card, Transcripts, Surat Tugas Magang dari Universitas"
66,General,High School Diploma,Academic Administration,General,Maluku,Ambon,0,Administrative,Microsoft Office,Communication,0,Internship,Sekolah Citra Kasih - Sekolah Ciputra Kasih - Sekolah Citra Berkat,2023-05-04,Sekolah,https://citrakasih.sch.id/vacancy/,"Cover letter, curriculum vitae, Identity Card, Transcripts, Surat Tugas Magang dari Universitas"
67,General,High School Diploma,Academic Administration,General,Jawa Timur,Surabaya,0,Administrative,Microsoft Office,Leadership,0,Internship,Sekolah Citra Kasih - Sekolah Ciputra Kasih - Sekolah Citra Berkat,2023-05-04,Sekolah,https://citrakasih.sch.id/vacancy/,"Cover letter, curriculum vitae, Identity Card, Transcripts, Surat Tugas Magang dari Universitas"
68,General,High School Diploma,Math Teacher,General,Jakarta,Jakarta Barat,0,Mathematics,Communication,Microsoft Office,0,Internship,Sekolah Citra Kasih - Sekolah Ciputra Kasih - Sekolah Citra Berkat,2023-05-04,Sekolah,https://citrakasih.sch.id/vacancy/,"Cover letter, curriculum vitae, Identity Card, Transcripts, Surat Tugas Magang dari Universitas"
69,General,High School Diploma,Math Teacher,General,Jawa Tengah,Semarang,0,Mathematics,Collaboration,Microsoft Office,0,Internship,Sekolah Citra Kasih - Sekolah Ciputra Kasih - Sekolah Citra Berkat,2023-05-04,Sekolah,https://citrakasih.sch.id/vacancy/,"Cover letter, curriculum vitae, Identity Card, Transcripts, Surat Tugas Magang dari Universitas"
70,General,Bachelor Degree,HR Generalist,General,Jakarta,Jakarta Barat,24,Human Resource Management,Collaboration,Microsoft Office,0,Full time,Sekolah Citra Kasih - Sekolah Ciputra Kasih - Sekolah Citra Berkat,2023-05-04,Sekolah,https://citrakasih.sch.id/vacancy/,"Maximum age of 35 years old, Bachelor's degree in related field, minimum 2 years of experience in related field, have a calling in education, strong administration skills, detail oriented, well organized, proficient in operating Ms Office, HRIS system, tech savvy, have knowladge in Human Resource Management, Excellent communication skills, Familiar with training and development program, dynamic and adaptive for any changes"
71,General,Bachelor Degree,HR Generalist,General,Jawa Barat,Cileungsi,24,Human Resource Management,Microsoft Office,Administrative,0,Full time,Sekolah Citra Kasih - Sekolah Ciputra Kasih - Sekolah Citra Berkat,2023-05-04,Sekolah,https://citrakasih.sch.id/vacancy/,"Maximum age of 35 years old, Bachelor's degree in related field, minimum 2 years of experience in related field, have a calling in education, strong administration skills, detail oriented, well organized, proficient in operating Ms Office, HRIS system, tech savvy, have knowladge in Human Resource Management, Excellent communication skills, Familiar with training and development program, dynamic and adaptive for any changes"
72,Elementary School,Bachelor Degree,Physical Education and Health Teacher,General,Jakarta,Jakarta Barat,24,Sport,Proficient in English,Collaboration,0,Full time,Sekolah Citra Kasih - Sekolah Ciputra Kasih - Sekolah Citra Berkat,2023-05-04,Sekolah,https://citrakasih.sch.id/vacancy/,"Maximum age of 35 years old, Bachelor's degree in related field, minimum 2 years of experience in related field, have a calling in education, proficient in English"
73,General,Bachelor Degree,Librarian,General,Jakarta,Jakarta Barat,24,Library Administration,Administrative,Proficient in English,0,Full time,Sekolah Citra Kasih - Sekolah Ciputra Kasih - Sekolah Citra Berkat,2023-05-04,Sekolah,https://citrakasih.sch.id/vacancy/,"Maximum age of 35 years old, Bachelor's degree in related field, minimum 2 years of experience in related field, have a calling in education, proficient in English"
74,Elementary School,Bachelor Degree,Homeroom teacher,General,Jakarta,Jakarta Barat,24,Leadership,Lesson Plan,Creative,0,Full time,Sekolah Citra Kasih - Sekolah Ciputra Kasih - Sekolah Citra Berkat,2023-05-04,Sekolah,https://citrakasih.sch.id/vacancy/,"Maximum age of 35 years old, Bachelor's degree in related field, minimum 2 years of experience in related field, have a calling in education, proficient in English"
75,Junior High School,Bachelor Degree,Math Teacher,General,Jakarta,Jakarta Barat,24,Mathematics,Proficient in English,Collaboration,0,Full time,Sekolah Citra Kasih - Sekolah Ciputra Kasih - Sekolah Citra Berkat,2023-05-04,Sekolah,https://citrakasih.sch.id/vacancy/,"Maximum age of 35 years old, Bachelor's degree in related field, minimum 2 years of experience in related field, have a calling in education, proficient in English"
76,Junior High School,Bachelor Degree,English teacher,General,Jakarta,Jakarta Barat,24,Proficient in English,Communication,Creative,0,Full time,Sekolah Citra Kasih - Sekolah Ciputra Kasih - Sekolah Citra Berkat,2023-05-04,Sekolah,https://citrakasih.sch.id/vacancy/,"Maximum age of 35 years old, Bachelor's degree in related field, minimum 2 years of experience in related field, have a calling in education, proficient in English"
77,Junior High School,Bachelor Degree,Christian Religion Teacher,General,Jakarta,Jakarta Barat,24,Christian Religion,Proficient in English,Leadership,0,Full time,Sekolah Citra Kasih - Sekolah Ciputra Kasih - Sekolah Citra Berkat,2023-05-04,Sekolah,https://citrakasih.sch.id/vacancy/,"Maximum age of 35 years old, Bachelor's degree in related field, minimum 2 years of experience in related field, have a calling in education, proficient in English"
78,Senior High School,Bachelor Degree,Christian Religion Teacher,General,Jakarta,Jakarta Barat,24,Christian Religion,Proficient in English,Communication,0,Full time,Sekolah Citra Kasih - Sekolah Ciputra Kasih - Sekolah Citra Berkat,2023-05-04,Sekolah,https://citrakasih.sch.id/vacancy/,"Maximum age of 35 years old, Bachelor's degree in related field, minimum 2 years of experience in related field, have a calling in education, proficient in English"
79,General,Bachelor Degree,History teacher,General,Jakarta,Jakarta Barat,24,History,Collaboration,Proficient in English,0,Full time,Sekolah Citra Kasih - Sekolah Ciputra Kasih - Sekolah Citra Berkat,2023-05-04,Sekolah,https://citrakasih.sch.id/vacancy/,"Maximum age of 35 years old, Bachelor's degree in related field, minimum 2 years of experience in related field, have a calling in education, proficient in English"
80,General,Bachelor Degree,Digital Marketing,General,Jakarta,Jakarta Barat,24,Marketing,Collaboration,Communication,0,Full time,Sekolah Citra Kasih - Sekolah Ciputra Kasih - Sekolah Citra Berkat,2023-05-04,Sekolah,https://citrakasih.sch.id/vacancy/,"Maximum age of 35 years old, Bachelor's degree in related field, minimum 2 years of experience in related field, have a calling in education, proficient in English"
81,General,Bachelor Degree,Accounting,General,Jakarta,Jakarta Barat,24,Economy,Administrative,Proficient in English,0,Full time,Sekolah Citra Kasih - Sekolah Ciputra Kasih - Sekolah Citra Berkat,2023-05-04,Sekolah,https://citrakasih.sch.id/vacancy/,"Maximum age of 35 years old, Bachelor's degree in related field, minimum 2 years of experience in related field, have a calling in education, proficient in English"
82,Kindergarten,Bachelor Degree,Kindergarten Teacher,General,Maluku,Ambon,24,Experience in teaching kids,Proficient in English,Creative,0,Full time,Sekolah Citra Kasih - Sekolah Ciputra Kasih - Sekolah Citra Berkat,2023-05-04,Sekolah,https://citrakasih.sch.id/vacancy/,"Maximum age of 35 years old, Bachelor's degree in related field, minimum 2 years of experience in related field, have a calling in education, proficient in English"
83,General,Bachelor Degree,Vocal teacher,General,Maluku,Ambon,24,Arts,Collaboration,Proficient in English,0,Full time,Sekolah Citra Kasih - Sekolah Ciputra Kasih - Sekolah Citra Berkat,2023-05-04,Sekolah,https://citrakasih.sch.id/vacancy/,"Maximum age of 35 years old, Bachelor's degree in related field, minimum 2 years of experience in related field, have a calling in education, proficient in English"
84,General,Bachelor Degree,Accounting Staff,General,Maluku,Ambon,24,Economy,Administrative,Collaboration,0,Full time,Sekolah Citra Kasih - Sekolah Ciputra Kasih - Sekolah Citra Berkat,2023-05-04,Sekolah,https://citrakasih.sch.id/vacancy/,"Maximum age of 35 years old, Bachelor's degree in related field, minimum 2 years of experience in related field, have a calling in education, proficient in English"
85,Elementary School,Bachelor Degree,ICT Teacher,General,Jawa Barat,Cileungsi,24,Operate a computer,Proficient in English,Communication,0,Full time,Sekolah Citra Kasih - Sekolah Ciputra Kasih - Sekolah Citra Berkat,2023-05-04,Sekolah,https://citrakasih.sch.id/vacancy/,"Maximum age of 35 years old, Bachelor's degree in related field, minimum 2 years of experience in related field, have a calling in education, proficient in English"
86,Senior High School,Bachelor Degree,ICT Teacher,General,Jawa Barat,Cileungsi,24,Operate a computer,Proficient in English,Collaboration,0,Full time,Sekolah Citra Kasih - Sekolah Ciputra Kasih - Sekolah Citra Berkat,2023-05-04,Sekolah,https://citrakasih.sch.id/vacancy/,"Maximum age of 35 years old, Bachelor's degree in related field, minimum 2 years of experience in related field, have a calling in education, proficient in English"
87,Elementary School,Bachelor Degree,Music and Vocal Teacher,General,Jawa Barat,Cileungsi,24,Arts,Proficient in English,Collaboration,0,Full time,Sekolah Citra Kasih - Sekolah Ciputra Kasih - Sekolah Citra Berkat,2023-05-04,Sekolah,https://citrakasih.sch.id/vacancy/,"Maximum age of 35 years old, Bachelor's degree in related field, minimum 2 years of experience in related field, have a calling in education, proficient in English"
88,Elementary School,Bachelor Degree,English teacher,General,Jawa Barat,Cileungsi,24,Proficient in English,Communication,Proficient in English,0,Full time,Sekolah Citra Kasih - Sekolah Ciputra Kasih - Sekolah Citra Berkat,2023-05-04,Sekolah,https://citrakasih.sch.id/vacancy/,"Maximum age of 35 years old, Bachelor's degree in related field, minimum 2 years of experience in related field, have a calling in education, proficient in English"
89,Senior High School,Bachelor Degree,Sociology Teacher,General,Jawa Barat,Cileungsi,24,Social Sciences,Collaboration,Proficient in English,0,Full time,Sekolah Citra Kasih - Sekolah Ciputra Kasih - Sekolah Citra Berkat,2023-05-04,Sekolah,https://citrakasih.sch.id/vacancy/,"Maximum age of 35 years old, Bachelor's degree in related field, minimum 2 years of experience in related field, have a calling in education, proficient in English"
90,Junior High School,Bachelor Degree,Social Teacher,General,Jawa Barat,Cileungsi,24,Social Sciences,Proficient in English,Leadership,0,Full time,Sekolah Citra Kasih - Sekolah Ciputra Kasih - Sekolah Citra Berkat,2023-05-04,Sekolah,https://citrakasih.sch.id/vacancy/,"Maximum age of 35 years old, Bachelor's degree in related field, minimum 2 years of experience in related field, have a calling in education, proficient in English"
91,Senior High School,Bachelor Degree,PE Teacher,General,Jawa Barat,Cileungsi,24,Sport,Collaboration,Proficient in English,0,Full time,Sekolah Citra Kasih - Sekolah Ciputra Kasih - Sekolah Citra Berkat,2023-05-04,Sekolah,https://citrakasih.sch.id/vacancy/,"Maximum age of 35 years old, Bachelor's degree in related field, minimum 2 years of experience in related field, have a calling in education, proficient in English"
92,Senior High School,Bachelor Degree,Christian Religion Teacher,General,Jawa Barat,Cileungsi,24,Christian Religion,Proficient in English,Communication,0,Contract,Sekolah Citra Kasih - Sekolah Ciputra Kasih - Sekolah Citra Berkat,2023-05-04,Sekolah,https://citrakasih.sch.id/vacancy/,"Maximum age of 35 years old, Bachelor's degree in related field, minimum 2 years of experience in related field, have a calling in education, proficient in English"
93,Senior High School,Bachelor Degree,Music teacher,General,Jawa Barat,Cileungsi,24,Arts,Proficient in English,Collaboration,0,Full time,Sekolah Citra Kasih - Sekolah Ciputra Kasih - Sekolah Citra Berkat,2023-05-04,Sekolah,https://citrakasih.sch.id/vacancy/,"Maximum age of 35 years old, Bachelor's degree in related field, minimum 2 years of experience in related field, have a calling in education, proficient in English"
94,General,Bachelor Degree,General Affair,General,Jawa Barat,Cileungsi,24,Administrative,Collaboration,Proficient in English,0,Full time,Sekolah Citra Kasih - Sekolah Ciputra Kasih - Sekolah Citra Berkat,2023-05-04,Sekolah,https://citrakasih.sch.id/vacancy/,"Maximum age of 35 years old, Bachelor's degree in related field, minimum 2 years of experience in related field, have a calling in education, proficient in English"
95,Kindergarten,Bachelor Degree,Kindergarten Teacher,General,Jawa Timur,Surabaya,24,Experience in teaching kids,Proficient in English,Creative,0,Full time,Sekolah Citra Kasih - Sekolah Ciputra Kasih - Sekolah Citra Berkat,2023-05-04,Sekolah,https://citrakasih.sch.id/vacancy/,"Maximum age of 35 years old, Bachelor's degree in related field, minimum 2 years of experience in related field, have a calling in education, proficient in English"
96,Junior High School,Bachelor Degree,Javanese Teacher,General,Jawa Timur,Surabaya,24,Javanese Culture,Proficient in English,Collaboration,0,Full time,Sekolah Citra Kasih - Sekolah Ciputra Kasih - Sekolah Citra Berkat,2023-05-04,Sekolah,https://citrakasih.sch.id/vacancy/,"Maximum age of 35 years old, Bachelor's degree in related field, minimum 2 years of experience in related field, have a calling in education, proficient in English"
97,Senior High School,Bachelor Degree,ICT Teacher,General,Jawa Timur,Surabaya,24,Operate a computer,Proficient in English,Collaboration,0,Full time,Sekolah Citra Kasih - Sekolah Ciputra Kasih - Sekolah Citra Berkat,2023-05-04,Sekolah,https://citrakasih.sch.id/vacancy/,"Maximum age of 35 years old, Bachelor's degree in related field, minimum 2 years of experience in related field, have a calling in education, proficient in English"
98,Senior High School,Bachelor Degree,Physics Teacher,General,Jawa Timur,Surabaya,24,Physic,Creative,Proficient in English,0,Full time,Sekolah Citra Kasih - Sekolah Ciputra Kasih - Sekolah Citra Berkat,2023-05-04,Sekolah,https://citrakasih.sch.id/vacancy/,"Maximum age of 35 years old, Bachelor's degree in related field, minimum 2 years of experience in related field, have a calling in education, proficient in English"
99,General,Bachelor Degree,Civics Teacher,General,Jawa Timur,Surabaya,24,Civics,Leadership,Proficient in English,0,Full time,Sekolah Citra Kasih - Sekolah Ciputra Kasih - Sekolah Citra Berkat,2023-05-04,Sekolah,https://citrakasih.sch.id/vacancy/,"Maximum age of 35 years old, Bachelor's degree in related field, minimum 2 years of experience in related field, have a calling in education, proficient in English"
100,General,Bachelor Degree,Librarian,General,Jawa Timur,Surabaya,24,Library Administration,Proficient in English,Collaboration,0,Full time,Sekolah Citra Kasih - Sekolah Ciputra Kasih - Sekolah Citra Berkat,2023-05-04,Sekolah,https://citrakasih.sch.id/vacancy/,"Maximum age of 35 years old, Bachelor's degree in related field, minimum 2 years of experience in related field, have a calling in education, proficient in English"
101,General,Bachelor Degree,Academic Administration,General,Jawa Timur,Surabaya,24,Administrative,Proficient in English,Collaboration,0,Full time,Sekolah Citra Kasih - Sekolah Ciputra Kasih - Sekolah Citra Berkat,2023-05-04,Sekolah,https://citrakasih.sch.id/vacancy/,"Maximum age of 35 years old, Bachelor's degree in related field, minimum 2 years of experience in related field, have a calling in education, proficient in English"
102,General,Bachelor Degree,Digital Marketing,General,Jawa Timur,Surabaya,24,Marketing,Proficient in English,Collaboration,0,Full time,Sekolah Citra Kasih - Sekolah Ciputra Kasih - Sekolah Citra Berkat,2023-05-04,Sekolah,https://citrakasih.sch.id/vacancy/,"Maximum age of 35 years old, Bachelor's degree in related field, minimum 2 years of experience in related field, have a calling in education, proficient in English"
103,Elementary School,Bachelor Degree,Art and Music Teacher,General,Sulawesi Utara,Manado,24,Arts,Proficient in English,Creative,0,Full time,Sekolah Citra Kasih - Sekolah Ciputra Kasih - Sekolah Citra Berkat,2023-05-04,Sekolah,https://citrakasih.sch.id/vacancy/,"Maximum age of 35 years old, Bachelor's degree in related field, minimum 2 years of experience in related field, have a calling in education, proficient in English"
104,Elementary School,Bachelor Degree,Mandarin Teacher,General,Sulawesi Utara,Manado,24,Proficient in Mandarin,Communication,Proficient in English,0,Full time,Sekolah Citra Kasih - Sekolah Ciputra Kasih - Sekolah Citra Berkat,2023-05-04,Sekolah,https://citrakasih.sch.id/vacancy/,"Maximum age of 35 years old, Bachelor's degree in related field, minimum 2 years of experience in related field, have a calling in education, proficient in English"
105,Junior High School,Bachelor Degree,Physical Education and Health Teachers,General,Sulawesi Utara,Manado,24,Sport,Collaboration,Proficient in English,0,Full time,Sekolah Citra Kasih - Sekolah Ciputra Kasih - Sekolah Citra Berkat,2023-05-04,Sekolah,https://citrakasih.sch.id/vacancy/,"Maximum age of 35 years old, Bachelor's degree in related field, minimum 2 years of experience in related field, have a calling in education, proficient in English"
106,Junior High School,Bachelor Degree,Indonesian Teacher,General,Sulawesi Utara,Manado,24,Indonesian,Communication,Proficient in English,0,Full time,Sekolah Citra Kasih - Sekolah Ciputra Kasih - Sekolah Citra Berkat,2023-05-04,Sekolah,https://citrakasih.sch.id/vacancy/,"Maximum age of 35 years old, Bachelor's degree in related field, minimum 2 years of experience in related field, have a calling in education, proficient in English"
107,Senior High School,Bachelor Degree,Indonesian Teacher,General,Sulawesi Utara,Manado,24,Indonesian,Collaboration,Proficient in English,0,Full time,Sekolah Citra Kasih - Sekolah Ciputra Kasih - Sekolah Citra Berkat,2023-05-04,Sekolah,https://citrakasih.sch.id/vacancy/,"Maximum age of 35 years old, Bachelor's degree in related field, minimum 2 years of experience in related field, have a calling in education, proficient in English"
108,Elementary School,Bachelor Degree,IT teacher,General,Sulawesi Utara,Manado,24,Operate a computer,Collaboration,Proficient in English,0,Full time,Sekolah Citra Kasih - Sekolah Ciputra Kasih - Sekolah Citra Berkat,2023-05-04,Sekolah,https://citrakasih.sch.id/vacancy/,"Maximum age of 35 years old, Bachelor's degree in related field, minimum 2 years of experience in related field, have a calling in education, proficient in English"
109,General,Bachelor Degree,Digital Marketing,General,Sulawesi Utara,Manado,24,Marketing,Proficient in English,Administrative,0,Full time,Sekolah Citra Kasih - Sekolah Ciputra Kasih - Sekolah Citra Berkat,2023-05-04,Sekolah,https://citrakasih.sch.id/vacancy/,"Maximum age of 35 years old, Bachelor's degree in related field, minimum 2 years of experience in related field, have a calling in education, proficient in English"
110,Junior High School,Bachelor Degree,Physics Teacher,General,Jawa Tengah,Semarang,24,Physic,Collaboration,Proficient in English,0,Full time,Sekolah Citra Kasih - Sekolah Ciputra Kasih - Sekolah Citra Berkat,2023-05-04,Sekolah,https://citrakasih.sch.id/vacancy/,"Maximum age of 35 years old, Bachelor's degree in related field, minimum 2 years of experience in related field, have a calling in education, proficient in English"
111,Junior High School,Bachelor Degree,Mathematic Teacher,General,Jawa Tengah,Semarang,24,Mathematics,Communication,Proficient in English,0,Full time,Sekolah Citra Kasih - Sekolah Ciputra Kasih - Sekolah Citra Berkat,2023-05-04,Sekolah,https://citrakasih.sch.id/vacancy/,"Maximum age of 35 years old, Bachelor's degree in related field, minimum 2 years of experience in related field, have a calling in education, proficient in English"
112,Senior High School,Bachelor Degree,Mathematic Teacher,General,Jawa Tengah,Semarang,24,Mathematics,Proficient in English,Collaboration,0,Full time,Sekolah Citra Kasih - Sekolah Ciputra Kasih - Sekolah Citra Berkat,2023-05-04,Sekolah,https://citrakasih.sch.id/vacancy/,"Maximum age of 35 years old, Bachelor's degree in related field, minimum 2 years of experience in related field, have a calling in education, proficient in English"
113,Junior High School,Bachelor Degree,"Dance, Theater, Music Teacher",General,Jawa Tengah,Semarang,24,Arts,Proficient in English,Creative,0,Full time,Sekolah Citra Kasih - Sekolah Ciputra Kasih - Sekolah Citra Berkat,2023-05-04,Sekolah,https://citrakasih.sch.id/vacancy/,"Maximum age of 35 years old, Bachelor's degree in related field, minimum 2 years of experience in related field, have a calling in education, proficient in English"
114,Senior High School,Bachelor Degree,"Dance, Theater, Music Teacher",General,Jawa Tengah,Semarang,24,Arts,Collaboration,Proficient in English,0,Full time,Sekolah Citra Kasih - Sekolah Ciputra Kasih - Sekolah Citra Berkat,2023-05-04,Sekolah,https://citrakasih.sch.id/vacancy/,"Maximum age of 35 years old, Bachelor's degree in related field, minimum 2 years of experience in related field, have a calling in education, proficient in English"
115,Junior High School,Bachelor Degree,Physical Education and Health Teachers,General,Jawa Tengah,Semarang,24,Sport,Proficient in English,Collaboration,0,Full time,Sekolah Citra Kasih - Sekolah Ciputra Kasih - Sekolah Citra Berkat,2023-05-04,Sekolah,https://citrakasih.sch.id/vacancy/,"Maximum age of 35 years old, Bachelor's degree in related field, minimum 2 years of experience in related field, have a calling in education, proficient in English"
116,Senior High School,Bachelor Degree,Physical Education and Health Teachers,General,Jawa Tengah,Semarang,24,Sport,Proficient in English,Creative,0,Full time,Sekolah Citra Kasih - Sekolah Ciputra Kasih - Sekolah Citra Berkat,2023-05-04,Sekolah,https://citrakasih.sch.id/vacancy/,"Maximum age of 35 years old, Bachelor's degree in related field, minimum 2 years of experience in related field, have a calling in education, proficient in English"
117,Kindergarten,Diploma Degree,Kindergarten Teacher,Perempuan,Jawa Barat,Bogor,12,Experience in teaching kids,Read the Qur’an,Operate a computer,0,full time,Lembaga Pengembangan Insani Dompet Dhuafa (LPI DD),2023-05-23,Lembaga Pemberdayaan,https://www.linkedin.com/posts/zulfa-nurhikmah-a03965157_lokerguru-gurupaud-lowongankerja-activity-7066583880719360000-h7o7?utm_source=share&utm_medium=member_desktop,"Usia maksimal 20-35 tahun, Pendidikan minimal D1 PGTK, Memiliki kemampuan komunikasi yang baik, memiliki kemampuan mengajar/training, memiliki kemampuan interpersonal yang baik"
118,Kindergarten,High School Diploma,Kindergarten Teacher Assistant,Perempuan,Bali,Denpasar,0,Experience in teaching kids,Creative,Collaboration,0,Full time,Permata Bunda Preschool,2023-05-22,Sekolah,https://twitter.com/lokerbali_id/status/1660493624067645440,"Wanita, Pendidikan minimal SMA/Sederajat, mencintai dunia anak dan pendidikan, mampu belajar hal baru, mampu bekerja dengan tim"
119,Kindergarten,Bachelor Degree,ABK therapist Children,Perempuan,Bali,Denpasar,0,Special Needs Children,Experience in teaching kids,Creative,0,Full time,Permata Bunda Preschool,2023-05-22,Sekolah,https://twitter.com/lokerbali_id/status/1660493624067645440,"Wanita, Pendidikan minimal S1 Psikologi, Mencintai dunia anak dan pendidikan, Diutamakan sudah berpengalaman dalam bidang terapis anak berkebutuhan khusus, bersedia mengikuti pelatihan anak berkebutuhan khusus, mampu bekerja dengan tim"
120,Elementary School,Bachelor Degree,Quran language teacher,Perempuan,Nusa Tenggara Barat,Lombok,0,Read the Qur’an,Collaboration,Lesson Plan,0,Full time,SDIT Fauziah Yarsi Mataram,2023-05-22,Sekolah,https://twitter.com/NesiaNet/status/1660440568973983744,"Lulus S1/D4 Pendidikan dengan minimal IPK 3.0 , Mampu membaca alquran dengan lancar, usia maksimal 30 tahun pada bulan Juni 2023, Sehat jasmani dan rohani, bebas dari narkoba dan rokok, siap bekerja dalam tim"
121,Elementary School,Bachelor Degree,Elementary School teacher,Perempuan,Nusa Tenggara Barat,Lombok,0,Experience in teaching kids,Creative,Collaboration,0,Full time,SDIT Fauziah Yarsi Mataram,2023-05-22,Sekolah,https://twitter.com/NesiaNet/status/1660440568973983744,"Lulus S1/D4 Pendidikan dengan minimal IPK 3.0 , Mampu membaca alquran dengan lancar, usia maksimal 30 tahun pada bulan Juni 2023, Sehat jasmani dan rohani, bebas dari narkoba dan rokok, siap bekerja dalam tim"
122,Elementary School,Bachelor Degree,Indonesian teacher,Perempuan,Nusa Tenggara Barat,Lombok,0,Indonesian,Read the Qur’an,Creative,0,Full time,SDIT Fauziah Yarsi Mataram,2023-05-22,Sekolah,https://twitter.com/NesiaNet/status/1660440568973983744,"Lulus S1/D4 Pendidikan dengan minimal IPK 3.0 , Mampu membaca alquran dengan lancar, usia maksimal 30 tahun pada bulan Juni 2023, Sehat jasmani dan rohani, bebas dari narkoba dan rokok, siap bekerja dalam tim"
123,Elementary School,Bachelor Degree,Physics teacher,Perempuan,Nusa Tenggara Barat,Lombok,0,Physic,Read the Qur’an,Collaboration,0,Full time,SDIT Fauziah Yarsi Mataram,2023-05-22,Sekolah,https://twitter.com/NesiaNet/status/1660440568973983744,"Lulus S1/D4 Pendidikan dengan minimal IPK 3.0 , Mampu membaca alquran dengan lancar, usia maksimal 30 tahun pada bulan Juni 2023, Sehat jasmani dan rohani, bebas dari narkoba dan rokok, siap bekerja dalam tim"
124,Elementary School,Bachelor Degree,Mathematic teacher,Perempuan,Nusa Tenggara Barat,Lombok,0,Mathematics,Creative,Read the Qur’an,0,Full time,SDIT Fauziah Yarsi Mataram,2023-05-22,Sekolah,https://twitter.com/NesiaNet/status/1660440568973983744,"Lulus S1/D4 Pendidikan dengan minimal IPK 3.0 , Mampu membaca alquran dengan lancar, usia maksimal 30 tahun pada bulan Juni 2023, Sehat jasmani dan rohani, bebas dari narkoba dan rokok, siap bekerja dalam tim"
125,Senior High School,Bachelor Degree,Mathematic  teacher,General,Jawa Barat,Sukabumi,0,Mathematics,Operate a computer,Communication,0,Full time,SMA Pesantren Unggul Al Bayan,20223-05-21,Sekolah,https://www.lowongan.albayan.or.id/,"Muslim/Muslimah, usia maksimal 30 tahun, siap tinggal di perumahan guru/asrama, sehat jasmani dan tidak merokok, kepribadian islami, peduli terhadap pembentukan akhlak mulia pada remaja muslim, minimal berpendidikan S1 pada bidang yang bersesuaian dengan IPK minimal 3.00, Diutamakan dapat menghafal Alquran juz 30 dan dapat membaca Alquran dengan tartil"
126,Senior High School,Bachelor Degree,Citizenship Education Teacher,General,Jawa Barat,Sukabumi,0,Civics,Read the Qur’an,Operate a computer,0,Full time,SMA Pesantren Unggul Al Bayan,2023-05-21,Sekolah,https://www.lowongan.albayan.or.id/,"Muslim/Muslimah, usia maksimal 30 tahun, siap tinggal di perumahan guru/asrama, sehat jasmani dan tidak merokok, kepribadian islami, peduli terhadap pembentukan akhlak mulia pada remaja muslim, minimal berpendidikan S1 pada bidang yang bersesuaian dengan IPK minimal 3.00, Diutamakan dapat menghafal Alquran juz 30 dan dapat membaca Alquran dengan tartil"
127,Senior High School,Bachelor Degree,Math teacher,General,Jawa Barat,Sukabumi,0,Mathematics,Operate a computer,Read the Qur’an,0,Full time,SMA Pesantren Unggul Al Bayan,20223-05-21,Sekolah,https://www.lowongan.albayan.or.id/,"Muslim/Muslimah, usia maksimal 30 tahun, siap tinggal di perumahan guru/asrama, sehat jasmani dan tidak merokok, kepribadian islami, peduli terhadap pembentukan akhlak mulia pada remaja muslim, minimal berpendidikan S1 pada bidang yang bersesuaian dengan IPK minimal 3.00, Diutamakan dapat menghafal Alquran juz 30 dan dapat membaca Alquran dengan tartil"
128,Senior High School,Bachelor Degree,Physics teacher,General,Jawa Barat,Sukabumi,0,Physic,Read the Qur’an,Microsoft Office,0,Full time,SMA Pesantren Unggul Al Bayan,2023-05-21,Sekolah,https://www.lowongan.albayan.or.id/,"Muslim/Muslimah, usia maksimal 30 tahun, siap tinggal di perumahan guru/asrama, sehat jasmani dan tidak merokok, kepribadian islami, peduli terhadap pembentukan akhlak mulia pada remaja muslim, minimal berpendidikan S1 pada bidang yang bersesuaian dengan IPK minimal 3.00, Diutamakan dapat menghafal Alquran juz 30 dan dapat membaca Alquran dengan tartil"
129,Senior High School,Bachelor Degree,Chemistry teacher,General,Jawa Barat,Sukabumi,0,Chemistry,Operate a computer,Read the Qur’an,0,Full time,SMA Pesantren Unggul Al Bayan,20223-05-21,Sekolah,https://www.lowongan.albayan.or.id/,"Muslim/Muslimah, usia maksimal 30 tahun, siap tinggal di perumahan guru/asrama, sehat jasmani dan tidak merokok, kepribadian islami, peduli terhadap pembentukan akhlak mulia pada remaja muslim, minimal berpendidikan S1 pada bidang yang bersesuaian dengan IPK minimal 3.00, Diutamakan dapat menghafal Alquran juz 30 dan dapat membaca Alquran dengan tartil"
130,Senior High School,Bachelor Degree,Biology teacher,General,Jawa Barat,Sukabumi,0,Biology,Read the Qur’an,Microsoft Office,0,Full time,SMA Pesantren Unggul Al Bayan,2023-05-21,Sekolah,https://www.lowongan.albayan.or.id/,"Muslim/Muslimah, usia maksimal 30 tahun, siap tinggal di perumahan guru/asrama, sehat jasmani dan tidak merokok, kepribadian islami, peduli terhadap pembentukan akhlak mulia pada remaja muslim, minimal berpendidikan S1 pada bidang yang bersesuaian dengan IPK minimal 3.00, Diutamakan dapat menghafal Alquran juz 30 dan dapat membaca Alquran dengan tartil"
131,Senior High School,Bachelor Degree,Counseling Teacher,General,Jawa Barat,Sukabumi,0,Psychology,Read the Qur’an,Operate a computer,0,Full time,SMA Pesantren Unggul Al Bayan,20223-05-21,Sekolah,https://www.lowongan.albayan.or.id/,"Muslim/Muslimah, usia maksimal 30 tahun, siap tinggal di perumahan guru/asrama, sehat jasmani dan tidak merokok, kepribadian islami, peduli terhadap pembentukan akhlak mulia pada remaja muslim, minimal berpendidikan S1 pada bidang yang bersesuaian dengan IPK minimal 3.00, Diutamakan dapat menghafal Alquran juz 30 dan dapat membaca Alquran dengan tartil"
132,Senior High School,Bachelor Degree,Economic teacher,General,Jawa Barat,Sukabumi,0,Economy,Operate a computer,Read the Qur’an,0,Full time,SMA Pesantren Unggul Al Bayan,2023-05-21,Sekolah,https://www.lowongan.albayan.or.id/,"Muslim/Muslimah, usia maksimal 30 tahun, siap tinggal di perumahan guru/asrama, sehat jasmani dan tidak merokok, kepribadian islami, peduli terhadap pembentukan akhlak mulia pada remaja muslim, minimal berpendidikan S1 pada bidang yang bersesuaian dengan IPK minimal 3.00, Diutamakan dapat menghafal Alquran juz 30 dan dapat membaca Alquran dengan tartil"
133,Senior High School,Bachelor Degree,English teacher,General,Jawa Barat,Sukabumi,0,Proficient in English,Microsoft Office,Read the Qur’an,0,Full time,SMA Pesantren Unggul Al Bayan,20223-05-21,Sekolah,https://www.lowongan.albayan.or.id/,"Muslim/Muslimah, usia maksimal 30 tahun, siap tinggal di perumahan guru/asrama, sehat jasmani dan tidak merokok, kepribadian islami, peduli terhadap pembentukan akhlak mulia pada remaja muslim, minimal berpendidikan S1 pada bidang yang bersesuaian dengan IPK minimal 3.00, Diutamakan dapat menghafal Alquran juz 30 dan dapat membaca Alquran dengan tartil"
134,Senior High School,Bachelor Degree,Citizenship Education Teacher,General,Banten,Anyer,0,Civics,Operate a computer,Read the Qur’an,0,Full time,SMA Pesantren Unggul Al Bayan,2023-05-21,Sekolah,https://www.lowongan.albayan.or.id/,"Muslim/Muslimah, usia maksimal 30 tahun, siap tinggal di perumahan guru/asrama, sehat jasmani dan tidak merokok, kepribadian islami, peduli terhadap pembentukan akhlak mulia pada remaja muslim, minimal berpendidikan S1 pada bidang yang bersesuaian dengan IPK minimal 3.00, Diutamakan dapat menghafal Alquran juz 30 dan dapat membaca Alquran dengan tartil"
135,Senior High School,Bachelor Degree,Chemistry teacher,General,Banten,Anyer,0,Chemistry,Read the Qur’an,Microsoft Office,0,Full time,SMA Pesantren Unggul Al Bayan,20223-05-21,Sekolah,https://www.lowongan.albayan.or.id/,"Muslim/Muslimah, usia maksimal 30 tahun, siap tinggal di perumahan guru/asrama, sehat jasmani dan tidak merokok, kepribadian islami, peduli terhadap pembentukan akhlak mulia pada remaja muslim, minimal berpendidikan S1 pada bidang yang bersesuaian dengan IPK minimal 3.00, Diutamakan dapat menghafal Alquran juz 30 dan dapat membaca Alquran dengan tartil"
136,Senior High School,Bachelor Degree,Counseling Teacher,General,Banten,Anyer,0,Psychology,Read the Qur’an,Microsoft Office,0,Full time,SMA Pesantren Unggul Al Bayan,2023-05-21,Sekolah,https://www.lowongan.albayan.or.id/,"Muslim/Muslimah, usia maksimal 30 tahun, siap tinggal di perumahan guru/asrama, sehat jasmani dan tidak merokok, kepribadian islami, peduli terhadap pembentukan akhlak mulia pada remaja muslim, minimal berpendidikan S1 pada bidang yang bersesuaian dengan IPK minimal 3.00, Diutamakan dapat menghafal Alquran juz 30 dan dapat membaca Alquran dengan tartil"
137,Senior High School,Bachelor Degree,Mathematic teacher,General,Jawa Barat,Bogor,0,Mathematics,Operate a computer,Read the Qur’an,0,Full time,SMA Pesantren Unggul Al Bayan,20223-05-21,Sekolah,https://www.lowongan.albayan.or.id/,"Muslim/Muslimah, usia maksimal 30 tahun, siap tinggal di perumahan guru/asrama, sehat jasmani dan tidak merokok, kepribadian islami, peduli terhadap pembentukan akhlak mulia pada remaja muslim, minimal berpendidikan S1 pada bidang yang bersesuaian dengan IPK minimal 3.00, Diutamakan dapat menghafal Alquran juz 30 dan dapat membaca Alquran dengan tartil"
138,Senior High School,Bachelor Degree,Indonesian Teacher,General,Jawa Barat,Bogor,0,Indonesian,Microsoft Office,Read the Qur’an,0,Full time,SMA Pesantren Unggul Al Bayan,2023-05-21,Sekolah,https://www.lowongan.albayan.or.id/,"Muslim/Muslimah, usia maksimal 30 tahun, siap tinggal di perumahan guru/asrama, sehat jasmani dan tidak merokok, kepribadian islami, peduli terhadap pembentukan akhlak mulia pada remaja muslim, minimal berpendidikan S1 pada bidang yang bersesuaian dengan IPK minimal 3.00, Diutamakan dapat menghafal Alquran juz 30 dan dapat membaca Alquran dengan tartil"
139,Senior High School,Bachelor Degree,Biology teacher,General,Jawa Barat,Bogor,0,Biology,Read the Qur’an,Microsoft Office,0,Full time,SMA Pesantren Unggul Al Bayan,20223-05-21,Sekolah,https://www.lowongan.albayan.or.id/,"Muslim/Muslimah, usia maksimal 30 tahun, siap tinggal di perumahan guru/asrama, sehat jasmani dan tidak merokok, kepribadian islami, peduli terhadap pembentukan akhlak mulia pada remaja muslim, minimal berpendidikan S1 pada bidang yang bersesuaian dengan IPK minimal 3.00, Diutamakan dapat menghafal Alquran juz 30 dan dapat membaca Alquran dengan tartil"
140,Senior High School,Bachelor Degree,History teacher,General,Jawa Barat,Bogor,0,History,Read the Qur’an,Operate a computer,0,Full time,SMA Pesantren Unggul Al Bayan,2023-05-21,Sekolah,https://www.lowongan.albayan.or.id/,"Muslim/Muslimah, usia maksimal 30 tahun, siap tinggal di perumahan guru/asrama, sehat jasmani dan tidak merokok, kepribadian islami, peduli terhadap pembentukan akhlak mulia pada remaja muslim, minimal berpendidikan S1 pada bidang yang bersesuaian dengan IPK minimal 3.00, Diutamakan dapat menghafal Alquran juz 30 dan dapat membaca Alquran dengan tartil"
141,Senior High School,Bachelor Degree,Islamic religious education teacher,General,Jawa Barat,Bogor,0,Proficient in Arabic,Read the Qur’an,Operate a computer,0,Full time,SMA Pesantren Unggul Al Bayan,20223-05-21,Sekolah,https://www.lowongan.albayan.or.id/,"Muslim/Muslimah, usia maksimal 30 tahun, siap tinggal di perumahan guru/asrama, sehat jasmani dan tidak merokok, kepribadian islami, peduli terhadap pembentukan akhlak mulia pada remaja muslim, minimal berpendidikan S1 pada bidang yang bersesuaian dengan IPK minimal 3.00, Diutamakan dapat menghafal Alquran juz 30 dan dapat membaca Alquran dengan tartil"
142,Special Needs School,Bachelor Degree,Special Needs Teacher,General,Jawa Tengah,Mojokerto,0,Special Needs Children,Collaboration,Creative,0,Full time,SLB Putra Mandiri Pungging,2023-06-02,Sekolah,https://twitter.com/Seinaratna/status/1664479245979250688,"Laki-laki/Perempuan, S1 Pendidikan, Diutamakan PLB/Psikologi, Berkomitmen, Jujur, bertanggung jawab, diutamakan domisili pungging, mojosari dan sekitarnya"
143,General,Bachelor Degree,Computer and Informatics Teacher,General,Jawa Barat,Bekasi,0,Programming,Operate a computer,Collaboration,0,Full time,PT. Edukasi Star Indonesia,2023-05-29,Lembaga Kursus,https://www.loker.id/information-technology/guru-komputer-pt-edukasi-star-indonesia-member-of-pesonaedu-bekasi.html,"Minimal S1, Jurusan Informatika lebih diutamakan, Domisili Jakarta Timur atau Kota Bekasi, Bersedia mengajar fulltime, Memiliki pengalaman mengajar lebih diutamakan, Jujur dan bertanggung jawab"
144,Kindergarten,Bachelor Degree,Homeroom teacher,General,Jawa Tengah,Semarang,0,Leadership,Collaboration,Communication,0,Full time,Yayasan John Wesley,2023-06-02,Sekolah,https://www.lokersemar.id/lowongan/guru-kelas-tk-guru-kelas-sd-di-yayasan-john-wesley/?feed_id=36750&_unique_id=647959d17e761,"Berpindidikan min. S1, Berusia maks. 35 tahun, Mampu menggunakan komputer, Sayang anak-anak, Beragama kristen/katolik"
145,General,High School Diploma,Teacher,Perempuan,Jawa Tengah,Semarang,0,Experience in teaching kids,Creative,Collaboration,0,Full time,Sempoa SIP,2023-05-15,Lembaga Kursus,https://www.lokersemar.id/lowongan/pengajar-di-sempoa-sip/,"Wanita, usia max 30 tahun, Pendidikan min SMA/SMK, Serius mau bekerja, Bersedia menjalani Tes dan Training, Menyukai anak- anak, Senang mengajar, Ada ikatan kerja"
146,Kindergarten,Bachelor Degree,Kindergarten Teacher,Perempuan,Banten,Tangerang,0,Experience in teaching kids,Psychology,Creative,0,Full time,Salih Saliha Montessori School,2023-05-29,Sekolah,https://www.loker.id/pendidikan-pelatihan/guru/guru-tk-paud-salih-saliha-montessori-school-kabupaten-tangerang-3.html,"Muslimah, Berdomisili di Tangerang, Menyukai interaksi dengan anak-anak, Lulusan S1 PAUD/Psikologi/Pendidikan lebih diutamakan, Mengenal metode Montessori, tersedia diberikan training"
147,General,High School Diploma,Art Teacher,Perempuan,Banten,Tangerang,0,Arts,Experience in teaching kids,Creative,0,Full time,Globalart,2023-05-26,Lembaga Kursus,https://www.loker.id/pendidikan-pelatihan/guru/guru-gambar-globalart-kabupaten-tangerang.html,"Wanita, Pendidikan Minimal Lulusan SMK/SMA, Diutamakan Diploma/Sarjana Seni/Grafis, Siap diberikan pelatihan, Usia maksimal 28 tahun, Berpengalaman menjadi guru atau lulusan baru yang siap di training, Menyukai anak anak & dunia pendidikan, Menyukai Seni & Kerajinan Tangan, Penempatan di wilayah Gading Serpong"
148,Elementary School,Bachelor Degree,Mathematic Teacher,Perempuan,Banten,Tangerang,0,Mathematics,Creative,Collaboration,0,Full time,Matematika Sakamoto Method,2023-04-30,Lembaga Kursus,https://www.loker.id/pendidikan-pelatihan/guru/guru-matematika-matematika-sakamoto-method-kabupaten-tangerang.html,"Wanita, 21-35 tahun, Lulusan S1, atau sedang menyelesaikan semester akhir, Jurusan keguruan atau MIPA diutamakan, Supel, ceria, Berkomitmen tinggi, bertanggung jawab, Bersedia bekerja minimal 2 tahun"
149,Junior High School,Bachelor Degree,Physical Education and Health Teachers,Perempuan,Jawa Barat,Depok,0,Proficient in English,Operate a computer,Communication,0,Full time,Sekolah Islam Terpadu Darul Abidin,2023-06-03,Sekolah,https://www.loker.id/pendidikan-pelatihan/guru/guru-olahraga-sekolah-islam-terpadu-darul-abidin-depok.html,"Wanita usia 23-30 tahun. Pendidikan S1 jurusan olahraga/PJOK, Berpengalaman, Tidak merokok, Bisa berkomunikasi sederhana dalam bahasa Inggris, Dapat mengoperasikan komputer & MS Office"
150,Senior High School,Bachelor Degree,Mathematic Teacher,General,Jawa Barat,Cirebon,0,Mathematics,Collaboration,Creative,0,Full time,SMK Entrepreneur Harun Ar Rasyid,2023-06-03,Sekolah,https://lokercirebon.com/lowongan-kerja-guru-smk-entrepreneur-harun-ar-rasyid/?feed_id=8951,"Laki-laki/Perempuan, S1 Pendidikan, Bisa berkomunikasi dengan baik bekerja tim atau individu, bisa bekerja di bawah tekanan"
151,Senior High School,Bachelor Degree,Indonesian Teacher,General,Jawa Barat,Cirebon,0,Indonesian,Communication,Collaboration,0,Full time,SMK Entrepreneur Harun Ar Rasyid,2023-06-04,Sekolah,https://lokercirebon.com/lowongan-kerja-guru-smk-entrepreneur-harun-ar-rasyid/?feed_id=8951,"Laki-laki/Perempuan, S1 Pendidikan, Bisa berkomunikasi dengan baik bekerja tim atau individu, bisa bekerja di bawah tekanan"
152,Senior High School,Bachelor Degree,Counseling Teacher,General,Jawa Barat,Cirebon,0,Psychology,Collaboration,Communication,0,Full time,SMK Entrepreneur Harun Ar Rasyid,2023-06-05,Sekolah,https://lokercirebon.com/lowongan-kerja-guru-smk-entrepreneur-harun-ar-rasyid/?feed_id=8951,"Laki-laki/Perempuan, S1 Pendidikan, Bisa berkomunikasi dengan baik bekerja tim atau individu, bisa bekerja di bawah tekanan"
153,Senior High School,Bachelor Degree,Operator,General,Jawa Barat,Cirebon,0,Microsoft Office,Operate a computer,Collaboration,0,Full time,SMK Entrepreneur Harun Ar Rasyid,2023-06-06,Sekolah,https://lokercirebon.com/lowongan-kerja-guru-smk-entrepreneur-harun-ar-rasyid/?feed_id=8951,"Laki-laki/Perempuan, S1 Pendidikan, Bisa berkomunikasi dengan baik bekerja tim atau individu, bisa bekerja di bawah tekanan"
154,Elementary School,Bachelor Degree,Mathematic Teacher,Perempuan,Jawa Barat,Cirebon,0,Mathematics,Proficient in English,Communication,0,Full time,Matematika Sakamoto Method,2023-06-03,Lembaga Kursus,https://lokercirebon.com/lowongan-kerja-guru-matematika-sakamoto-cirebon/?feed_id=8945,"Wanita, 2-35 tahun, Lulusan S1 atau D3, Memiliki pengalaman dibidang yang sama, memiliki analisa dan logika yang baik, menyukai matematika dan pintar matematika, bisa berbahasa inggris, bersedia mengikuti training dan kontrak kerja, serius bekerja dan loyal, memiliki motivasi yang tinggi untuk belajar"
155,General,Bachelor Degree,English teacher,Perempuan,Jawa Tengah,Sidoarjo,0,Proficient in English,Operate a computer,Collaboration,1000000,Part time,Fun English,2023-05-30,Lembaga Kursus,https://www.loker.id/pendidikan-pelatihan/guru/guru-bahasa-inggris-fun-english-sidoarjo-2.html,"Wanita, 20-35 tahun, S1, Minimal semester 3 pendidikan bahasa inggris"
156,General,Bachelor Degree,Indonesian Teacher,General,Jawa Barat,Depok,12,Indonesian,Communication,Creative,1000000,Part time,GENZA Education,2023-05-30,Lembaga Kursus,https://www.loker.id/pendidikan-pelatihan/guru/guru-bahasa-indonesia-sd-sma-genza-banjaran-depok.html,"Laki-laki atau Perempuan, Maksimal 30 Tahun, Minimal lulusan S1 jurusan Matematika atau terkait, Memiliki pengalaman mengajar minimal 1 tahun, Disiplin, berkomitmen, dan profesional"
157,Kindergarten,Bachelor Degree,Academic Administration,General,Jawa Timur,Malang,0,Administrative,Experience in teaching kids,Collaboration,0,Full time,KB dan TK Alam Ar Rayyan,2023-06-03,Sekolah,https://www.instagram.com/p/CtBnKd1re3u/,"Usia maksimal 35 tahun, D1 atau S1 diutamakan jurusan PAUD, Jujur, disiplin, dan pekerja keras, memiliki motivasi yang tinggi, Tidak punya ikatan kerja dengan institusi lain, senang dengan dunia anak-anak, kreatif dan inovatif, dapat mengoperasikan komputer"
158,Kindergarten,Diploma Degree,Kindergarten Teacher,General,Jawa Timur,Malang,0,Experience in teaching kids,Creative,Collaboration,0,Full time,KB dan TK Alam Ar Rayyan,2023-06-04,Sekolah,https://www.instagram.com/p/CtBnKd1re3u/,"Usia maksimal 35 tahun, D1 atau S1 diutamakan jurusan PAUD, Jujur, disiplin, dan pekerja keras, memiliki motivasi yang tinggi, Tidak punya ikatan kerja dengan institusi lain, senang dengan dunia anak-anak, kreatif dan inovatif, dapat mengoperasikan komputer"
159,Senior High School,Bachelor Degree,Geomatics Engineering Teacher,General,Jawa Timur,Malang,0,Design,Operate a computer,Creative,0,Full time,SMK Pekerja Umum Malang,2023-06-03,Sekolah,https://www.instagram.com/p/CtBnGg8LHaC/,"Laki-laki atau Perempuan, Lulusan S1 Pendidikan Teknik Bangunan Teknik Geodesi atau Teknik sipil, domisili malang, memiliki dedikasi dan loyalitas yang sangat tinggi terhadap sekolah, jujur, rajin bekerja, teliti, cekatan dan memiliki inisiatif yang tinggi,sehat jasmani dan rohani, memiliki integritas yang tinggi terhadap sekolah"
160,Junior High School,Bachelor Degree,Indonesian Teacher,Laki-laki,Jawa Timur,Malang,0,Indonesian,Read the Qur’an,Collaboration,0,Full time,SMP Darul Itqon,2023-06-03,Sekolah,https://www.instagram.com/p/CtBAjiCLcWn/,"Minimal S1 Pendidikan, Usia maksimal 30 tahun, berkarakter baik"
161,Junior High School,Bachelor Degree,Natural Sciences Teacher,Laki-laki,Jawa Timur,Malang,0,Natural Sciences,Read the Qur’an,Creative,0,Full time,SMP Darul Itqon,2023-06-03,Sekolah,https://www.instagram.com/p/CtBAjiCLcWn/,"Minimal S1 Pendidikan, Usia maksimal 30 tahun, berkarakter baik"
162,Junior High School,Bachelor Degree,Mathematic Teacher,Laki-laki,Jawa Timur,Malang,0,Mathematics,Read the Qur’an,Collaboration,0,Full time,SMP Darul Itqon,2023-06-03,Sekolah,https://www.instagram.com/p/CtBAjiCLcWn/,"Minimal S1 Pendidikan, Usia maksimal 30 tahun, berkarakter baik"
163,Junior High School,Bachelor Degree,English teacher,Laki-laki,Jawa Timur,Malang,0,Proficient in English,Collaboration,Read the Qur’an,0,Full time,SMP Darul Itqon,2023-06-03,Sekolah,https://www.instagram.com/p/CtBAjiCLcWn/,"Minimal S1 Pendidikan, Usia maksimal 30 tahun, berkarakter baik"
164,Senior High School,Bachelor Degree,IT teacher,General,Jawa Timur,Malang,0,Operate a computer,Collaboration,Microsoft Office,0,Full time,MA Plus Informatika El Jasmeen,2023-05-29,Sekolah,https://www.instagram.com/p/Cs0VAEPLk9a/,"Laki-laki atau Perempuan, Lulusan S1 atau S2, berperilaku baik, mampu mengelola Microsoft Office dengan baik, diutamakan domisili Singosari dan sekitarnya"
165,Senior High School,Bachelor Degree,Indonesian Teacher,General,Jawa Timur,Malang,0,Indonesian,Microsoft Office,Collaboration,0,Full time,MA Plus Informatika El Jasmeen,2023-05-29,Sekolah,https://www.instagram.com/p/Cs0VAEPLk9a/,"Laki-laki atau Perempuan, Lulusan S1 atau S2, berperilaku baik, mampu mengelola Microsoft Office dengan baik, diutamakan domisili Singosari dan sekitarnya"
166,Senior High School,Bachelor Degree,Graphic design teacher,General,Jawa Timur,Malang,0,Design,Collaboration,Microsoft Office,0,Full time,MA Plus Informatika El Jasmeen,2023-05-29,Sekolah,https://www.instagram.com/p/Cs0VAEPLk9a/,"Laki-laki atau Perempuan, Lulusan S1 atau S2, berperilaku baik, mampu mengelola Microsoft Office dengan baik, diutamakan domisili Singosari dan sekitarnya"
167,Senior High School,Bachelor Degree,Mathematic Teacher,General,Jawa Timur,Malang,0,Mathematics,Microsoft Office,Collaboration,0,Full time,MA Plus Informatika El Jasmeen,2023-05-29,Sekolah,https://www.instagram.com/p/Cs0VAEPLk9a/,"Laki-laki atau Perempuan, Lulusan S1 atau S2, berperilaku baik, mampu mengelola Microsoft Office dengan baik, diutamakan domisili Singosari dan sekitarnya"
168,Senior High School,Bachelor Degree,Chemistry teacher,General,Jawa Timur,Malang,0,Chemistry,Collaboration,Microsoft Office,0,Full time,MA Plus Informatika El Jasmeen,2023-05-29,Sekolah,https://www.instagram.com/p/Cs0VAEPLk9a/,"Laki-laki atau Perempuan, Lulusan S1 atau S2, berperilaku baik, mampu mengelola Microsoft Office dengan baik, diutamakan domisili Singosari dan sekitarnya"
169,Senior High School,Bachelor Degree,Physics teacher,General,Jawa Timur,Malang,0,Physic,Microsoft Office,Collaboration,0,Full time,MA Plus Informatika El Jasmeen,2023-05-29,Sekolah,https://www.instagram.com/p/Cs0VAEPLk9a/,"Laki-laki atau Perempuan, Lulusan S1 atau S2, berperilaku baik, mampu mengelola Microsoft Office dengan baik, diutamakan domisili Singosari dan sekitarnya"
170,Senior High School,Bachelor Degree,Academic Administration,General,Jawa Timur,Malang,0,Administrative,Microsoft Office,Collaboration,0,Full time,MA Plus Informatika El Jasmeen,2023-05-29,Sekolah,https://www.instagram.com/p/Cs0VAEPLk9a/,"Laki-laki atau Perempuan, Lulusan S1 atau S2, berperilaku baik, mampu mengelola Microsoft Office dengan baik, diutamakan domisili Singosari dan sekitarnya"
171,Junior High School,Bachelor Degree,IT teacher,General,Jawa Timur,Malang,0,Operate a computer,Microsoft Office,Collaboration,0,Full time,MTs El Jasmeen,2023-05-29,Sekolah,https://www.instagram.com/p/Cs0VAEPLk9a/,"Laki-laki atau Perempuan, Lulusan S1 atau S2, berperilaku baik, mampu mengelola Microsoft Office dengan baik, diutamakan domisili Singosari dan sekitarnya"
172,Junior High School,Bachelor Degree,Indonesian Teacher,General,Jawa Timur,Malang,0,Indonesian,Collaboration,Microsoft Office,0,Full time,MTs El Jasmeen,2023-05-29,Sekolah,https://www.instagram.com/p/Cs0VAEPLk9a/,"Laki-laki atau Perempuan, Lulusan S1 atau S2, berperilaku baik, mampu mengelola Microsoft Office dengan baik, diutamakan domisili Singosari dan sekitarnya"
173,Kindergarten,Bachelor Degree,Kindergarten Teacher,General,Banten,Tangerang,36,Experience in teaching kids,Proficient in English,Collaboration,0,Full time,PT Surya Karto Abadi (Tutor Time Preschool),2023-06-04,Lembaga Kursus,https://www.jobstreet.co.id/id/job/kindergarten-teacher-4346753?jobId=jobstreet-id-job-4346753&sectionRank=1&token=0~24d590dc-ad55-4b8e-b1c3-ae07790801ee&fr=SRP%20Job%20Listing,"A reputable Preschool and Kindergarten School has immediate vacancy for GADING SERPONG center:
PRESCHOOL / KINDERGARTEN TEACHER
Fluent in English (oral and written)
Min 3 years relevant teaching experience with degree in early childhood education or related fields
Creative and passionate in working with young children
Good team player and can communicate well with parents
Job responsibilities:
Plan and prepare lesson materials and instructional methods
Implement Tutor Time curriculum and teaching practice
Create positive and appropriate classroom environment
Develop and implement effective classroom management system
Observe, evaluate and record children's progress in all area
Provide constructive feedback to parents and School Administration
Maintain all equipments to be clean and in good repair
Perform required administrative duties
Participate in required trainings provided by School
Participate in school's marketing activities and other school events
Uphold Tutor Time's values, policies, rules and procedures"
174,Junior High School,Bachelor Degree,Physical Education and Health Teachers,Perempuan,Jawa Barat,Depok,0,Sport,Microsoft Office,Proficient in English,2000000,Full time,SMPIT Darul Abidin,2023-06-03,Sekolah,https://www.loker.id/pendidikan-pelatihan/guru/guru-olahraga-sekolah-islam-terpadu-darul-abidin-depok.html,"Wanita usia 23-30 tahun. Pendidikan S1 jurusan olahraga/PJOK, Berpengalaman, Tidak merokok, Bisa berkomunikasi sederhana dalam bahasa Inggris, Dapat mengoperasikan komputer & MS Office"
175,General,Bachelor Degree,Teacher Coordinator,Perempuan,Jawa Barat,Depok,24,Lesson Plan,Microsoft Office,Administrative,2000000,Full time,Yayasan Khalifa Zahra,2023-05-25,Sekolah,https://www.loker.id/pendidikan-pelatihan/guru/koordinator-guru-yayasan-khalifa-zahra-depok.html,"Menguasai Word, Excel, Mampu dan mengerti Membuat RPPM dan RPPH, Mampu membuat Kegiatan dan event sekolah, Mengerti Sistem Sentra, Mengerti Doa doa harian dalam islam, Mampu berkerja dalam Tim, Kreatif"
176,General,Diploma Degree,Sensory Play Instructor,Perempuan,Jawa Barat,Bandung,12,Sensory play Curriculum,Communication,Experience in teaching kids,2000000,Full time,iSpeak Language Center,2023-05-29,Lembaga Kursus,https://www.loker.id/pendidikan-pelatihan/guru/sensory-play-instructor-ispeak-language-center-bandung-kota.html,"Menguasai sensory play, usia 21-35 tahun, aktif dan komunikatif, dapat berkomunikasi dengan baik, menyukai anak-anak"
177,General,Diploma Degree,Early Childhood Teacher,Perempuan,Jawa Barat,Bandung,0,Experience in teaching kids,Communication,Collaboration,2000000,Full time,iSpeak Language Center,2023-05-27,Lembaga Kursus,https://www.loker.id/pendidikan-pelatihan/guru/early-childhood-teacher-ispeak-language-center-bandung-kota.html,"Menguasai early childhood education, Wanita, 22 – 35 tahun, Dapat menghandle anak dengan baik, kreatif, aktif dan komunikatif, dapat bekerjasama dalam tim, Pendidikan minimal Diploma, Memiliki pengalaman mengajar"
178,General,High School Diploma,Phonics Teacher,General,Jawa Barat,Bandung,0,Phonics,Proficient in English,Collaboration,2000000,Full time,iSpeak Language Center,2023-05-31,Lembaga Kursus,https://www.loker.id/pendidikan-pelatihan/guru/guru-phonics-ispeak-language-center-bandung-kota.html,"Pria  atau wanita, 21 – 40 tahun, menguasai Phonics, dapat mengajar dengan baik, aktif & komunikatif, dapat bekerjasama dalam tim"
179,General,Diploma Degree,Informatics Teacher,General,Jawa Barat,Bandung,0,Programming,Creative,Proficient in English,2000000,Contract,Al-Madinah Computer,2023-06-02,Lembaga Kursus,https://www.loker.id/pendidikan-pelatihan/guru/guru-tik-al-madinah-computer-bandung-kota.html,"Usia maksimal 35 tahun, Mampu mengajar Informatika, Menguasai Pengetahuan Teknologi Informasi, Update Perkembangan Teknologi Terkini, Menguasai Program Coding Anak Scratch/Thunkable/MIT App Inventor (diutamakan), Mampu Berbahasa Inggris (diutamakan)"
180,General,Bachelor Degree,Mandarin Teacher,General,Jakarta,Jakarta Barat,12,Proficient in Mandarin,HSK 4 Certified,Lesson Plan,0,Full time,Fun Mandarin Learning Center,2023-05-06,Lembaga Kursus,https://www.jakartakerja.com/lowongan/guru-bahasa-mandarin-di-fun-mandarin-learning-centre/,"Perempuan atau laki-laki, usia maksimal 35 tahun, dapat menyiapkan material dan lesson plan, domisili jakarta "
181,General,Bachelor Degree,Science Teacher,General,Jawa Barat,Bandung,0,Natural Sciences,Read the Qur’an,Proficient in English,0,Full time,Sekolah Alam Gaharu,2023-05-16,Sekolah,https://www.instagram.com/p/CsTcmiDPXlw/,"Laki-laki atau perempuan, belum menikah, tidak merokok, berdomisili dekat dari sekolah, dapat membaca alquran dengan baik"
182,General,Bachelor Degree,Mathematic Teacher,General,Jawa Barat,Bandung,0,Mathematics,Read the Qur’an,Microsoft Office,0,Full time,Sekolah Alam Gaharu,2023-05-16,Sekolah,https://www.instagram.com/p/CsTcmiDPXlw/,"Laki-laki atau perempuan, belum menikah, tidak merokok, berdomisili dekat dari sekolah, dapat membaca alquran dengan baik"
183,Kindergarten,Bachelor Degree,Kindergarten Teacher,General,Jawa Barat,Bandung,0,Experience in teaching kids,Read the Qur’an,Creative,0,Full time,Sekolah Alam Gaharu,2023-05-16,Sekolah,https://www.instagram.com/p/CsTcmiDPXlw/,"Laki-laki atau perempuan, belum menikah, tidak merokok, berdomisili dekat dari sekolah, dapat membaca alquran dengan baik"
184,Kindergarten,High School Diploma,Daycare Teacher,Perempuan,Jawa Barat,Bandung,0,Experience in teaching kids,Read the Qur’an,Creative,0,Full time,Sekolah Alam Gaharu,2023-05-16,Sekolah,https://www.instagram.com/p/CsTcmiDPXlw/,"Perempuan, belum menikah, tidak merokok, berdomisili dekat dari sekolah, dapat membaca alquran dengan baik"
185,General,High School Diploma,Shadow Teacher,General,Jawa Barat,Bandung,0,Special Needs Children,Read the Qur’an,Collaboration,0,Full time,Sekolah Alam Gaharu,2023-05-16,Sekolah,https://www.instagram.com/p/CsTcmiDPXlw/,"Laki-laki atau perempuan, belum menikah, tidak merokok, berdomisili dekat dari sekolah, dapat membaca alquran dengan baik"
186,General,Bachelor Degree,Social Sciences Teacher,General,Jawa Barat,Bandung,0,Social Sciences,Read the Qur’an,Microsoft Office,0,Full time,Sekolah Alam Gaharu,2023-06-05,Sekolah,https://www.instagram.com/p/CtGRtMuLHjY/,"Laki-laki atau perempuan, belum menikah, tidak merokok, berdomisili dekat dari sekolah, dapat membaca alquran dengan baik"
187,Elementary School,Bachelor Degree,Elementary School teacher,General,Jawa Barat,Bandung,0,Experience in teaching kids,Lesson Plan,Read the Qur’an,0,Full time,Sekolah Alam Gaharu,2023-06-05,Sekolah,https://www.instagram.com/p/CtGRtMuLHjY/,"Laki-laki atau perempuan, belum menikah, tidak merokok, berdomisili dekat dari sekolah, dapat membaca alquran dengan baik"
188,General,Bachelor Degree,Islamic religious education teacher,General,Jawa Barat,Bandung,0,Proficient in Arabic,Read the Qur’an,Microsoft Office,0,Full time,Sekolah Alam Gaharu,2023-05-30,Sekolah,https://www.instagram.com/p/Cs2ezsChRQr/,"Laki-laki atau perempuan, belum menikah, tidak merokok, berdomisili dekat dari sekolah, dapat membaca alquran dengan baik"
189,Elementary School,Bachelor Degree,Homeroom teacher,General,Jawa Tengah,Sidoarjo,0,Leadership,Experience in teaching kids,Collaboration,0,Full time,SD Islam Ar-Rahmah,2023-06-05,Sekolah,https://www.instagram.com/p/CtGB6RgJ2Ll/,"Domisili dekat dengan sekolah, menyukai dunia pendidikan, dapat bekerja sama dengan tim"
190,Elementary School,Bachelor Degree,PE Teacher,General,Jawa Tengah,Sidoarjo,0,Sport,Experience in teaching kids,Collaboration,0,Full time,SD Islam Ar-Rahmah,2023-06-05,Sekolah,https://www.instagram.com/p/CtGB6RgJ2Ll/,"Domisili dekat dengan sekolah, menyukai dunia pendidikan, dapat bekerja sama dengan tim"
191,Elementary School,Bachelor Degree,Mathematic Teacher,General,Jawa Tengah,Sidoarjo,0,Mathematics,Read the Qur’an,Experience in teaching kids,0,Full time,SD Islam Ar-Rahmah,2023-06-05,Sekolah,https://www.instagram.com/p/CtGB6RgJ2Ll/,"Domisili dekat dengan sekolah, menyukai dunia pendidikan, dapat bekerja sama dengan tim"
192,Elementary School,Bachelor Degree,Alquran Teacher,General,Jawa Tengah,Sidoarjo,0,Proficient in Arabic,Read the Qur’an,Experience in teaching kids,0,Full time,SD Islam Ar-Rahmah,2023-06-05,Sekolah,https://www.instagram.com/p/CtGB6RgJ2Ll/,"Domisili dekat dengan sekolah, menyukai dunia pendidikan, dapat bekerja sama dengan tim"
193,Senior High School,Bachelor Degree,Mathematic Teacher,General,Jakarta,Jakarta Pusat,0,Mathematics,Experience in teaching Merdeka Curriculum,Microsoft Office,0,Full time,SMA Perguruan Ksatrya,2023-06-05,Sekolah,https://www.instagram.com/p/CtEOkjVJVD3/,"Dapat membaca alquran bagi muslim dan muslimah, pendidikan S1 linear, memiliki pemahaman atau pengalaman mengajar menggunakan kurikulum merdeka"
194,Senior High School,Bachelor Degree,Sociology Teacher,General,Jakarta,Jakarta Pusat,0,Social Sciences,Experience in teaching Merdeka Curriculum,Microsoft Office,0,Full time,SMA Perguruan Ksatrya,2023-06-05,Sekolah,https://www.instagram.com/p/CtEOkjVJVD3/,"Dapat membaca alquran bagi muslim dan muslimah, pendidikan S1 linear, memiliki pemahaman atau pengalaman mengajar menggunakan kurikulum merdeka"
195,Senior High School,Bachelor Degree,Art and Music Teacher,General,Jakarta,Jakarta Pusat,0,Arts,Experience in teaching Merdeka Curriculum,Creative,0,Full time,SMA Perguruan Ksatrya,2023-06-05,Sekolah,https://www.instagram.com/p/CtEOkjVJVD3/,"Dapat membaca alquran bagi muslim dan muslimah, pendidikan S1 linear, memiliki pemahaman atau pengalaman mengajar menggunakan kurikulum merdeka"
196,Senior High School,Bachelor Degree,Economic teacher,General,Jakarta,Jakarta Pusat,0,Economy,Experience in teaching Merdeka Curriculum,Microsoft Office,0,Full time,SMA Perguruan Ksatrya,2023-06-05,Sekolah,https://www.instagram.com/p/CtEOkjVJVD3/,"Dapat membaca alquran bagi muslim dan muslimah, pendidikan S1 linear, memiliki pemahaman atau pengalaman mengajar menggunakan kurikulum merdeka"
197,Senior High School,Bachelor Degree,Chemistry teacher,General,Jakarta,Jakarta Pusat,0,Chemistry,Experience in teaching Merdeka Curriculum,Microsoft Office,0,Full time,SMA Perguruan Ksatrya,2023-06-05,Sekolah,https://www.instagram.com/p/CtEOkjVJVD3/,"Dapat membaca alquran bagi muslim dan muslimah, pendidikan S1 linear, memiliki pemahaman atau pengalaman mengajar menggunakan kurikulum merdeka"
198,Senior High School,Bachelor Degree,French Teacher,General,Jakarta,Jakarta Pusat,0,French ,Experience in teaching Merdeka Curriculum,Microsoft Office,0,Full time,SMA Perguruan Ksatrya,2023-06-05,Sekolah,https://www.instagram.com/p/CtEOkjVJVD3/,"Dapat membaca alquran bagi muslim dan muslimah, pendidikan S1 linear, memiliki pemahaman atau pengalaman mengajar menggunakan kurikulum merdeka"
199,Senior High School,Bachelor Degree,Christian religious teacher,General,Jakarta,Jakarta Pusat,0,Christian Religion,Experience in teaching Merdeka Curriculum,Microsoft Office,0,Full time,SMA Perguruan Ksatrya,2023-06-05,Sekolah,https://www.instagram.com/p/CtEOkjVJVD3/,"Dapat membaca alquran bagi muslim dan muslimah, pendidikan S1 linear, memiliki pemahaman atau pengalaman mengajar menggunakan kurikulum merdeka"
200,Senior High School,Bachelor Degree,Pancasila Education Teacher,General,Jawa Tengah,Purworejo,0,Microsoft Office,Collaboration,Civics,0,Full time,MA An-Nawawi Berjan Purworejo,2023-06-06,Sekolah,https://www.instagram.com/p/CtKmvSVylE7/,
201,Senior High School,Bachelor Degree,English teacher,General,Jawa Tengah,Purworejo,0,Microsoft Office,Collaboration,Proficient in English,0,Full time,MA An-Nawawi Berjan Purworejo,2023-06-06,Sekolah,https://www.instagram.com/p/CtKmvSVylE7/,
202,Senior High School,Bachelor Degree,Arabic Teacher,General,Jawa Tengah,Purworejo,0,Microsoft Office,Collaboration,Proficient in Arabic,0,Full time,MA An-Nawawi Berjan Purworejo,2023-06-06,Sekolah,https://www.instagram.com/p/CtKmvSVylE7/,
203,Senior High School,Bachelor Degree,PE Teacher,General,Jawa Tengah,Purworejo,0,Microsoft Office,Collaboration,Lesson Plan,0,Full time,MA An-Nawawi Berjan Purworejo,2023-06-06,Sekolah,https://www.instagram.com/p/CtKmvSVylE7/,
204,Senior High School,Bachelor Degree,Teacher BK,General,Jawa Tengah,Purworejo,0,Microsoft Office,Collaboration,Lesson Plan,0,Full time,MA An-Nawawi Berjan Purworejo,2023-06-06,Sekolah,https://www.instagram.com/p/CtKmvSVylE7/,
205,Junior High School,Bachelor Degree,Mathematic Teacher,General,Jawa Barat,Bandung,24,Mathematics,Read the Qur’an,Lesson Plan,0,Full time,Sekolah Menengah Pertama Darussa'adah,2023-06-07,Sekolah,https://www.instagram.com/p/CtL5d11pD15/,
206,Junior High School,Bachelor Degree,Informatics Teacher,General,Jawa Barat,Bandung,24,Programming,Read the Qur’an,Lesson Plan,0,Full time,Sekolah Menengah Pertama Darussa'adah,2023-06-07,Sekolah,https://www.instagram.com/p/CtL5d11pD15/,
207,Junior High School,Bachelor Degree,Natural Sciences Teacher,General,Jawa Barat,Bandung,24,Natural Sciences,Read the Qur’an,Lesson Plan,0,Full time,Sekolah Menengah Pertama Darussa'adah,2023-06-07,Sekolah,https://www.instagram.com/p/CtL5d11pD15/,
208,Junior High School,Bachelor Degree,Indonesian Teacher,General,Jawa Barat,Bandung,24,Indonesian,Read the Qur’an,Lesson Plan,0,Full time,Sekolah Menengah Pertama Darussa'adah,2023-06-07,Sekolah,https://www.instagram.com/p/CtL5d11pD15/,
209,Junior High School,Bachelor Degree,English teacher,General,Jawa Barat,Bandung,24,Proficient in English,Read the Qur’an,Lesson Plan,0,Full time,Sekolah Menengah Pertama Darussa'adah,2023-06-07,Sekolah,https://www.instagram.com/p/CtL5d11pD15/,
210,Senior High School,Bachelor Degree,Natural Sciences Teacher,General,Jawa Barat,Bandung,24,Natural Sciences,Read the Qur’an,Lesson Plan,0,Full time,Sekolah Menengah Atas Darussa'adah,2023-06-07,Sekolah,https://www.instagram.com/p/CtL5d11pD15/,
211,Senior High School,Bachelor Degree,Art and Culture Teacher,General,Jawa Barat,Bandung,24,Arts,Read the Qur’an,Lesson Plan,0,Full time,Sekolah Menengah Atas Darussa'adah,2023-06-07,Sekolah,https://www.instagram.com/p/CtL5d11pD15/,
212,Senior High School,Bachelor Degree,Social Sciences Teacher,General,Jawa Barat,Bandung,24,Social Sciences,Read the Qur’an,Lesson Plan,0,Full time,Sekolah Menengah Atas Darussa'adah,2023-06-07,Sekolah,https://www.instagram.com/p/CtL5d11pD15/,
213,Senior High School,Bachelor Degree,Indonesian Teacher,General,Jawa Barat,Bandung,24,Indonesian,Read the Qur’an,Lesson Plan,0,Full time,Sekolah Menengah Atas Darussa'adah,2023-06-07,Sekolah,https://www.instagram.com/p/CtL5d11pD15/,
214,Senior High School,Bachelor Degree,Civics Teacher,General,Jawa Barat,Bandung,24,Civics,Read the Qur’an,Lesson Plan,0,Full time,Sekolah Menengah Atas Darussa'adah,2023-06-07,Sekolah,https://www.instagram.com/p/CtL5d11pD15/,
215,Senior High School,Bachelor Degree,PE Teacher,General,Jawa Barat,Bandung,24,Sport,Read the Qur’an,Lesson Plan,0,Full time,Sekolah Menengah Atas Darussa'adah,2023-06-07,Sekolah,https://www.instagram.com/p/CtL5d11pD15/,
216,Senior High School,Bachelor Degree,Islamic religious education teacher,General,Jawa Barat,Bandung,24,Read the Qur’an,Microsoft Office,Lesson Plan,0,Full time,Sekolah Menengah Atas Darussa'adah,2023-06-07,Sekolah,https://www.instagram.com/p/CtL5d11pD15/,
217,Senior High School,Bachelor Degree,Teacher BK,General,Jawa Barat,Bandung,24,Psychology,Read the Qur’an,Lesson Plan,0,Full time,Sekolah Menengah Atas Darussa'adah,2023-06-07,Sekolah,https://www.instagram.com/p/CtL5d11pD15/,
218,Senior High School,Bachelor Degree,Mathematic Teacher,General,Jawa Barat,Bandung,24,Mathematics,Read the Qur’an,Lesson Plan,0,Full time,Sekolah Menengah Atas Darussa'adah,2023-06-07,Sekolah,https://www.instagram.com/p/CtL5d11pD15/,
219,Senior High School,Bachelor Degree,Economic teacher,General,Jawa Barat,Depok,1,Read the Qur’an,Economy,Leadership,0,Full time,SMA Muhammadiyah 4 Depok,2023-06-07,Sekolah,https://www.instagram.com/p/CtLxlGPpScx/,
220,Senior High School,Bachelor Degree,Physics teacher,General,Jawa Barat,Depok,1,Read the Qur’an,Physic,Leadership,0,Full time,SMA Muhammadiyah 4 Depok,2023-06-07,Sekolah,https://www.instagram.com/p/CtLxlGPpScx/,
221,Senior High School,Bachelor Degree,PE Teacher,General,Jawa Barat,Depok,1,Read the Qur’an,Sport,Leadership,0,Full time,SMA Muhammadiyah 4 Depok,2023-06-07,Sekolah,https://www.instagram.com/p/CtLxlGPpScx/,
222,Senior High School,Bachelor Degree,Teacher BK,General,Jawa Barat,Depok,1,Read the Qur’an,Psychology,Leadership,0,Full time,SMA Muhammadiyah 4 Depok,2023-06-07,Sekolah,https://www.instagram.com/p/CtLxlGPpScx/,
223,Junior High School,Bachelor Degree,Natural Sciences Teacher,General,Jawa Tengah,Klaten,0,Natural Sciences,Read the Qur’an,Operate a computer,0,Full time,SMPIT Amanah,2023-06-02,Sekolah,https://www.instagram.com/p/Cs_ccEFJsda/,
224,Junior High School,Bachelor Degree,Social Sciences Teacher,General,Jawa Tengah,Klaten,0,Social Sciences,Read the Qur’an,Operate a computer,0,Full time,SMPIT Amanah,2023-06-02,Sekolah,https://www.instagram.com/p/Cs_ccEFJsda/,
225,Junior High School,Bachelor Degree,Javanese Teacher,General,Jawa Tengah,Klaten,0,Javanese Culture,Read the Qur’an,Operate a computer,0,Full time,SMPIT Amanah,2023-06-02,Sekolah,https://www.instagram.com/p/Cs_ccEFJsda/,
226,Junior High School,Bachelor Degree,Craft Teacher,General,Jawa Tengah,Klaten,0,Creative,Read the Qur’an,Operate a computer,0,Full time,SMPIT Amanah,2023-06-02,Sekolah,https://www.instagram.com/p/Cs_ccEFJsda/,
227,Junior High School,Bachelor Degree,Teacher BK,General,Jawa Tengah,Klaten,0,Psychology,Read the Qur’an,Operate a computer,0,Full time,SMPIT Amanah,2023-06-02,Sekolah,https://www.instagram.com/p/Cs_ccEFJsda/,
228,Junior High School,Bachelor Degree,Academic Administration,General,Jawa Tengah,Klaten,0,Administrative,Read the Qur’an,Operate a computer,0,Full time,SMPIT Amanah,2023-06-02,Sekolah,https://www.instagram.com/p/Cs_ccEFJsda/,
229,Senior High School,Bachelor Degree,History teacher,General,Jawa Tengah,Sukoharjo,0,History,Microsoft Office,Creative,0,Full time,SMA Muh 1 Sukoharjo,2023-06-03,Sekolah,https://www.instagram.com/p/Cs_cVBRJSeU/,
230,Senior High School,Bachelor Degree,Geography Teacher,General,Jawa Tengah,Sukoharjo,0,Geography,Microsoft Office,Creative,0,Full time,SMA Muh 1 Sukoharjo,2023-06-03,Sekolah,https://www.instagram.com/p/Cs_cVBRJSeU/,